{
"meta":{"test_sets":[],"test_metrics":[],"learn_metrics":[{"best_value":"Min","name":"RMSE"}],"launch_mode":"Train","parameters":"","iteration_count":1000,"learn_sets":["learn"],"name":"experiment"},
"iterations":[
{"learn":[0.9579866848],"iteration":0,"passed_time":0.1540302323,"remaining_time":153.8762021},
{"learn":[0.9195192298],"iteration":1,"passed_time":0.1589696337,"remaining_time":79.32584722},
{"learn":[0.8860295862],"iteration":2,"passed_time":0.1640879057,"remaining_time":54.53188068},
{"learn":[0.8552237026],"iteration":3,"passed_time":0.1690514111,"remaining_time":42.09380137},
{"learn":[0.8262817768],"iteration":4,"passed_time":0.1737898761,"remaining_time":34.58418534},
{"learn":[0.7995746173],"iteration":5,"passed_time":0.1788271574,"remaining_time":29.62569908},
{"learn":[0.7765343386],"iteration":6,"passed_time":0.1853866232,"remaining_time":26.29841669},
{"learn":[0.7544273478],"iteration":7,"passed_time":0.1908974881,"remaining_time":23.67128853},
{"learn":[0.7358304349],"iteration":8,"passed_time":0.1968114886,"remaining_time":21.67113169},
{"learn":[0.7183826151],"iteration":9,"passed_time":0.2026180285,"remaining_time":20.05918482},
{"learn":[0.7019796301],"iteration":10,"passed_time":0.208568208,"remaining_time":18.75217797},
{"learn":[0.6875884743],"iteration":11,"passed_time":0.2139983381,"remaining_time":17.6191965},
{"learn":[0.6750949511],"iteration":12,"passed_time":0.2198621552,"remaining_time":16.69261132},
{"learn":[0.6638051785],"iteration":13,"passed_time":0.226165402,"remaining_time":15.92850617},
{"learn":[0.653542013],"iteration":14,"passed_time":0.2311794709,"remaining_time":15.18078525},
{"learn":[0.6444851576],"iteration":15,"passed_time":0.2360639646,"remaining_time":14.51793382},
{"learn":[0.6363529],"iteration":16,"passed_time":0.2410982648,"remaining_time":13.94115261},
{"learn":[0.6284220113],"iteration":17,"passed_time":0.2457492608,"remaining_time":13.40698745},
{"learn":[0.6213710532],"iteration":18,"passed_time":0.2504613819,"remaining_time":12.93171661},
{"learn":[0.6156045035],"iteration":19,"passed_time":0.2553670887,"remaining_time":12.51298734},
{"learn":[0.6096265961],"iteration":20,"passed_time":0.2600208102,"remaining_time":12.12192253},
{"learn":[0.6042157062],"iteration":21,"passed_time":0.2648622659,"remaining_time":11.77433164},
{"learn":[0.5996208057],"iteration":22,"passed_time":0.2697852287,"remaining_time":11.46000732},
{"learn":[0.5955583828],"iteration":23,"passed_time":0.2746868274,"remaining_time":11.17059765},
{"learn":[0.591647033],"iteration":24,"passed_time":0.2792940238,"remaining_time":10.89246693},
{"learn":[0.5884037154],"iteration":25,"passed_time":0.2841271023,"remaining_time":10.64383837},
{"learn":[0.5850348857],"iteration":26,"passed_time":0.2888619799,"remaining_time":10.40972987},
{"learn":[0.5816898123],"iteration":27,"passed_time":0.2935342394,"remaining_time":10.18983145},
{"learn":[0.5784161777],"iteration":28,"passed_time":0.2985406576,"remaining_time":9.995964778},
{"learn":[0.5759378022],"iteration":29,"passed_time":0.3031897197,"remaining_time":9.803134269},
{"learn":[0.5733049816],"iteration":30,"passed_time":0.3080133689,"remaining_time":9.627901757},
{"learn":[0.5712867824],"iteration":31,"passed_time":0.3129521086,"remaining_time":9.466801286},
{"learn":[0.5694440358],"iteration":32,"passed_time":0.3176015311,"remaining_time":9.306687289},
{"learn":[0.5676373234],"iteration":33,"passed_time":0.3225091521,"remaining_time":9.163054145},
{"learn":[0.5656519254],"iteration":34,"passed_time":0.3274850933,"remaining_time":9.029231857},
{"learn":[0.5639909585],"iteration":35,"passed_time":0.3324683791,"remaining_time":8.902764375},
{"learn":[0.5625004287],"iteration":36,"passed_time":0.3371737464,"remaining_time":8.77563021},
{"learn":[0.5607617461],"iteration":37,"passed_time":0.3423709349,"remaining_time":8.667390509},
{"learn":[0.5594726028],"iteration":38,"passed_time":0.3471877101,"remaining_time":8.555061266},
{"learn":[0.5580174288],"iteration":39,"passed_time":0.3520438608,"remaining_time":8.449052659},
{"learn":[0.5570870694],"iteration":40,"passed_time":0.357383135,"remaining_time":8.359278695},
{"learn":[0.5558800141],"iteration":41,"passed_time":0.3623088431,"remaining_time":8.264092182},
{"learn":[0.5547400875],"iteration":42,"passed_time":0.3673377924,"remaining_time":8.175401565},
{"learn":[0.5538004248],"iteration":43,"passed_time":0.3727466489,"remaining_time":8.0987681},
{"learn":[0.5526949223],"iteration":44,"passed_time":0.3777948977,"remaining_time":8.017647274},
{"learn":[0.5518126442],"iteration":45,"passed_time":0.3830160102,"remaining_time":7.943418993},
{"learn":[0.5511250111],"iteration":46,"passed_time":0.38815031,"remaining_time":7.870366924},
{"learn":[0.5503870254],"iteration":47,"passed_time":0.3929658927,"remaining_time":7.793823539},
{"learn":[0.5497290832],"iteration":48,"passed_time":0.3977563491,"remaining_time":7.719720163},
{"learn":[0.5488006462],"iteration":49,"passed_time":0.4030047721,"remaining_time":7.657090669},
{"learn":[0.5479135535],"iteration":50,"passed_time":0.4087811807,"remaining_time":7.606536087},
{"learn":[0.5473873568],"iteration":51,"passed_time":0.4142631271,"remaining_time":7.552335472},
{"learn":[0.5466091437],"iteration":52,"passed_time":0.4196673743,"remaining_time":7.498584971},
{"learn":[0.5459966479],"iteration":53,"passed_time":0.425370052,"remaining_time":7.451853134},
{"learn":[0.5455397383],"iteration":54,"passed_time":0.4314122898,"remaining_time":7.412447526},
{"learn":[0.5448463287],"iteration":55,"passed_time":0.436354161,"remaining_time":7.355684428},
{"learn":[0.5443502052],"iteration":56,"passed_time":0.4413121851,"remaining_time":7.301006853},
{"learn":[0.5436805205],"iteration":57,"passed_time":0.4459635469,"remaining_time":7.243063124},
{"learn":[0.5428417146],"iteration":58,"passed_time":0.4508527302,"remaining_time":7.190718968},
{"learn":[0.5424560151],"iteration":59,"passed_time":0.4558780621,"remaining_time":7.14208964},
{"learn":[0.5419292538],"iteration":60,"passed_time":0.4606207858,"remaining_time":7.090539637},
{"learn":[0.5415044671],"iteration":61,"passed_time":0.4654604378,"remaining_time":7.041965978},
{"learn":[0.541002789],"iteration":62,"passed_time":0.4704250254,"remaining_time":6.996638869},
{"learn":[0.5402802365],"iteration":63,"passed_time":0.4751061229,"remaining_time":6.948427048},
{"learn":[0.5397622672],"iteration":64,"passed_time":0.4799221265,"remaining_time":6.903495205},
{"learn":[0.539441485],"iteration":65,"passed_time":0.4845002735,"remaining_time":6.856412961},
{"learn":[0.5387957637],"iteration":66,"passed_time":0.489209208,"remaining_time":6.812420762},
{"learn":[0.5382388099],"iteration":67,"passed_time":0.4941451667,"remaining_time":6.77269552},
{"learn":[0.537881864],"iteration":68,"passed_time":0.4987615218,"remaining_time":6.729666331},
{"learn":[0.5374805867],"iteration":69,"passed_time":0.503285037,"remaining_time":6.686501206},
{"learn":[0.5369340092],"iteration":70,"passed_time":0.5085474092,"remaining_time":6.654092157},
{"learn":[0.5364745119],"iteration":71,"passed_time":0.5133523702,"remaining_time":6.61654166},
{"learn":[0.5360680194],"iteration":72,"passed_time":0.5182432269,"remaining_time":6.58097906},
{"learn":[0.5357669812],"iteration":73,"passed_time":0.5231876733,"remaining_time":6.54691602},
{"learn":[0.5353717242],"iteration":74,"passed_time":0.5279204066,"remaining_time":6.511018348},
{"learn":[0.5350713824],"iteration":75,"passed_time":0.5324767689,"remaining_time":6.473796507},
{"learn":[0.5345799786],"iteration":76,"passed_time":0.5374927467,"remaining_time":6.442932535},
{"learn":[0.5342032934],"iteration":77,"passed_time":0.5422871461,"remaining_time":6.410112163},
{"learn":[0.5336516066],"iteration":78,"passed_time":0.5469446955,"remaining_time":6.37640588},
{"learn":[0.5333230585],"iteration":79,"passed_time":0.5518480779,"remaining_time":6.346252895},
{"learn":[0.5330223996],"iteration":80,"passed_time":0.5566071049,"remaining_time":6.315085548},
{"learn":[0.532636796],"iteration":81,"passed_time":0.5612355547,"remaining_time":6.283100479},
{"learn":[0.5320729575],"iteration":82,"passed_time":0.5662056687,"remaining_time":6.255549375},
{"learn":[0.5317763295],"iteration":83,"passed_time":0.570895935,"remaining_time":6.225484243},
{"learn":[0.531513814],"iteration":84,"passed_time":0.5755486345,"remaining_time":6.195611771},
{"learn":[0.5311892794],"iteration":85,"passed_time":0.5803899849,"remaining_time":6.16833077},
{"learn":[0.530932026],"iteration":86,"passed_time":0.5854757304,"remaining_time":6.144130366},
{"learn":[0.5306038853],"iteration":87,"passed_time":0.5900692488,"remaining_time":6.115263124},
{"learn":[0.5302240133],"iteration":88,"passed_time":0.5952075969,"remaining_time":6.092518211},
{"learn":[0.5300268174],"iteration":89,"passed_time":0.6004231878,"remaining_time":6.070945565},
{"learn":[0.5296572649],"iteration":90,"passed_time":0.6057370901,"remaining_time":6.050714449},
{"learn":[0.5294763436],"iteration":91,"passed_time":0.611369324,"remaining_time":6.033949415},
{"learn":[0.5293082891],"iteration":92,"passed_time":0.616902355,"remaining_time":6.016456301},
{"learn":[0.5289882928],"iteration":93,"passed_time":0.6226729367,"remaining_time":6.001507241},
{"learn":[0.5286695777],"iteration":94,"passed_time":0.6279521029,"remaining_time":5.982070033},
{"learn":[0.5283241212],"iteration":95,"passed_time":0.6329876757,"remaining_time":5.960633947},
{"learn":[0.5281088403],"iteration":96,"passed_time":0.6379797897,"remaining_time":5.939131444},
{"learn":[0.5279560651],"iteration":97,"passed_time":0.6433769473,"remaining_time":5.921693944},
{"learn":[0.5278081827],"iteration":98,"passed_time":0.6483844126,"remaining_time":5.900953089},
{"learn":[0.5276185639],"iteration":99,"passed_time":0.6538598154,"remaining_time":5.884738338},
{"learn":[0.5271925025],"iteration":100,"passed_time":0.6588968212,"remaining_time":5.864834081},
{"learn":[0.5270373731],"iteration":101,"passed_time":0.6638076638,"remaining_time":5.844110609},
{"learn":[0.5267490692],"iteration":102,"passed_time":0.6692230534,"remaining_time":5.828088145},
{"learn":[0.5264050889],"iteration":103,"passed_time":0.6744743429,"remaining_time":5.810855878},
{"learn":[0.5262300464],"iteration":104,"passed_time":0.6792732415,"remaining_time":5.789995726},
{"learn":[0.5260132533],"iteration":105,"passed_time":0.6841032184,"remaining_time":5.769700729},
{"learn":[0.5258099855],"iteration":106,"passed_time":0.6886855539,"remaining_time":5.747628034},
{"learn":[0.5255628622],"iteration":107,"passed_time":0.6932430189,"remaining_time":5.725673823},
{"learn":[0.525341125],"iteration":108,"passed_time":0.6980544327,"remaining_time":5.706114675},
{"learn":[0.525090632],"iteration":109,"passed_time":0.7025958746,"remaining_time":5.684639349},
{"learn":[0.5248835976],"iteration":110,"passed_time":0.7071533993,"remaining_time":5.663597946},
{"learn":[0.5246527712],"iteration":111,"passed_time":0.7117505051,"remaining_time":5.643164719},
{"learn":[0.5245416174],"iteration":112,"passed_time":0.7164468492,"remaining_time":5.623790754},
{"learn":[0.524263357],"iteration":113,"passed_time":0.7212529425,"remaining_time":5.605527255},
{"learn":[0.5240047569],"iteration":114,"passed_time":0.7259065739,"remaining_time":5.586324503},
{"learn":[0.5237292385],"iteration":115,"passed_time":0.7306129478,"remaining_time":5.567774534},
{"learn":[0.5234694907],"iteration":116,"passed_time":0.735458858,"remaining_time":5.550514287},
{"learn":[0.5233013894],"iteration":117,"passed_time":0.7403519793,"remaining_time":5.533817337},
{"learn":[0.523173468],"iteration":118,"passed_time":0.7451140526,"remaining_time":5.516348574},
{"learn":[0.5229361843],"iteration":119,"passed_time":0.7497361795,"remaining_time":5.498065317},
{"learn":[0.5227006808],"iteration":120,"passed_time":0.7543015704,"remaining_time":5.479595705},
{"learn":[0.5224640455],"iteration":121,"passed_time":0.7591053236,"remaining_time":5.46306946},
{"learn":[0.5222924816],"iteration":122,"passed_time":0.7635788164,"remaining_time":5.44437904},
{"learn":[0.5220586561],"iteration":123,"passed_time":0.768185652,"remaining_time":5.426859929},
{"learn":[0.5218154907],"iteration":124,"passed_time":0.7728492592,"remaining_time":5.409944814},
{"learn":[0.5215981534],"iteration":125,"passed_time":0.7775760903,"remaining_time":5.393662722},
{"learn":[0.5214686366],"iteration":126,"passed_time":0.782229371,"remaining_time":5.377057015},
{"learn":[0.5212858832],"iteration":127,"passed_time":0.78684273,"remaining_time":5.360366098},
{"learn":[0.5210102947],"iteration":128,"passed_time":0.7926459634,"remaining_time":5.351896389},
{"learn":[0.5207432928],"iteration":129,"passed_time":0.7982974261,"remaining_time":5.342452005},
{"learn":[0.5205960056],"iteration":130,"passed_time":0.8034695987,"remaining_time":5.329886117},
{"learn":[0.5204422723],"iteration":131,"passed_time":0.8088783447,"remaining_time":5.318987903},
{"learn":[0.5202748795],"iteration":132,"passed_time":0.8154587136,"remaining_time":5.31580981},
{"learn":[0.5200604122],"iteration":133,"passed_time":0.82256345,"remaining_time":5.315969759},
{"learn":[0.5199562902],"iteration":134,"passed_time":0.831025288,"remaining_time":5.324717586},
{"learn":[0.5198122034],"iteration":135,"passed_time":0.8390411786,"remaining_time":5.330379252},
{"learn":[0.5196084225],"iteration":136,"passed_time":0.845573589,"remaining_time":5.326496404},
{"learn":[0.5194340494],"iteration":137,"passed_time":0.8512393161,"remaining_time":5.317161525},
{"learn":[0.5192317266],"iteration":138,"passed_time":0.8564174957,"remaining_time":5.304859452},
{"learn":[0.5191398774],"iteration":139,"passed_time":0.8627184526,"remaining_time":5.299556209},
{"learn":[0.5188758695],"iteration":140,"passed_time":0.8707371689,"remaining_time":5.304703746},
{"learn":[0.5187347129],"iteration":141,"passed_time":0.8792466745,"remaining_time":5.312631315},
{"learn":[0.5185652812],"iteration":142,"passed_time":0.8863365004,"remaining_time":5.311820845},
{"learn":[0.5184259541],"iteration":143,"passed_time":0.8936708061,"remaining_time":5.312376458},
{"learn":[0.5182171407],"iteration":144,"passed_time":0.9033517287,"remaining_time":5.326660193},
{"learn":[0.5179876453],"iteration":145,"passed_time":0.9090335538,"remaining_time":5.317223664},
{"learn":[0.5177793299],"iteration":146,"passed_time":0.9153426623,"remaining_time":5.31147817},
{"learn":[0.5175521872],"iteration":147,"passed_time":0.9231170338,"remaining_time":5.314160221},
{"learn":[0.5172850693],"iteration":148,"passed_time":0.9309336416,"remaining_time":5.316943148},
{"learn":[0.5171164904],"iteration":149,"passed_time":0.9391816872,"remaining_time":5.322029561},
{"learn":[0.5169296866],"iteration":150,"passed_time":0.947144374,"remaining_time":5.325334924},
{"learn":[0.5167390968],"iteration":151,"passed_time":0.9546068072,"remaining_time":5.325701135},
{"learn":[0.516564371],"iteration":152,"passed_time":0.962855915,"remaining_time":5.33032},
{"learn":[0.5163394929],"iteration":153,"passed_time":0.9699516379,"remaining_time":5.328435621},
{"learn":[0.5161650412],"iteration":154,"passed_time":0.9768462544,"remaining_time":5.325387645},
{"learn":[0.5160341411],"iteration":155,"passed_time":0.9835091313,"remaining_time":5.321036582},
{"learn":[0.51584123],"iteration":156,"passed_time":0.9903501535,"remaining_time":5.317612608},
{"learn":[0.5157150321],"iteration":157,"passed_time":0.9974928475,"remaining_time":5.315753023},
{"learn":[0.5155986891],"iteration":158,"passed_time":1.005732836,"remaining_time":5.319630914},
{"learn":[0.5154332446],"iteration":159,"passed_time":1.012085214,"remaining_time":5.313447372},
{"learn":[0.5152768596],"iteration":160,"passed_time":1.017962749,"remaining_time":5.304787246},
{"learn":[0.5150301026],"iteration":161,"passed_time":1.023822112,"remaining_time":5.296067469},
{"learn":[0.5148793587],"iteration":162,"passed_time":1.030124382,"remaining_time":5.289657103},
{"learn":[0.5146956908],"iteration":163,"passed_time":1.035885575,"remaining_time":5.280489881},
{"learn":[0.5145437642],"iteration":164,"passed_time":1.041499336,"remaining_time":5.27061785},
{"learn":[0.5142798685],"iteration":165,"passed_time":1.046781082,"remaining_time":5.259129051},
{"learn":[0.5141167656],"iteration":166,"passed_time":1.051679058,"remaining_time":5.245800334},
{"learn":[0.5139304736],"iteration":167,"passed_time":1.056856136,"remaining_time":5.233954196},
{"learn":[0.5137804883],"iteration":168,"passed_time":1.061828073,"remaining_time":5.221178278},
{"learn":[0.513700029],"iteration":169,"passed_time":1.06682135,"remaining_time":5.208598355},
{"learn":[0.5135447876],"iteration":170,"passed_time":1.072570803,"remaining_time":5.199773075},
{"learn":[0.5133336692],"iteration":171,"passed_time":1.077812042,"remaining_time":5.188537039},
{"learn":[0.513198553],"iteration":172,"passed_time":1.083230413,"remaining_time":5.178217061},
{"learn":[0.513040378],"iteration":173,"passed_time":1.088696431,"remaining_time":5.16817961},
{"learn":[0.5128656363],"iteration":174,"passed_time":1.093921778,"remaining_time":5.157059808},
{"learn":[0.5126308986],"iteration":175,"passed_time":1.099452684,"remaining_time":5.147437565},
{"learn":[0.5124555851],"iteration":176,"passed_time":1.104623864,"remaining_time":5.136188928},
{"learn":[0.512296402],"iteration":177,"passed_time":1.109897825,"remaining_time":5.125483213},
{"learn":[0.5121953405],"iteration":178,"passed_time":1.115315164,"remaining_time":5.115495807},
{"learn":[0.5119469845],"iteration":179,"passed_time":1.120574349,"remaining_time":5.1048387},
{"learn":[0.5117982796],"iteration":180,"passed_time":1.125843375,"remaining_time":5.094285766},
{"learn":[0.5116004762],"iteration":181,"passed_time":1.131274527,"remaining_time":5.084519576},
{"learn":[0.511422105],"iteration":182,"passed_time":1.13665469,"remaining_time":5.074573122},
{"learn":[0.5112885691],"iteration":183,"passed_time":1.142237281,"remaining_time":5.06557403},
{"learn":[0.5112127689],"iteration":184,"passed_time":1.147914197,"remaining_time":5.057027407},
{"learn":[0.5110440336],"iteration":185,"passed_time":1.153021862,"remaining_time":5.046020407},
{"learn":[0.5109424957],"iteration":186,"passed_time":1.158183042,"remaining_time":5.035309161},
{"learn":[0.5108251748],"iteration":187,"passed_time":1.165102048,"remaining_time":5.032249272},
{"learn":[0.5106441732],"iteration":188,"passed_time":1.171208136,"remaining_time":5.025660308},
{"learn":[0.5104106456],"iteration":189,"passed_time":1.176549775,"remaining_time":5.015817462},
{"learn":[0.5102751995],"iteration":190,"passed_time":1.181735551,"remaining_time":5.005361573},
{"learn":[0.5102072593],"iteration":191,"passed_time":1.187025464,"remaining_time":4.995398827},
{"learn":[0.5101284014],"iteration":192,"passed_time":1.192466246,"remaining_time":4.986115338},
{"learn":[0.5099322569],"iteration":193,"passed_time":1.198181574,"remaining_time":4.978012108},
{"learn":[0.5098076823],"iteration":194,"passed_time":1.203552568,"remaining_time":4.968511885},
{"learn":[0.5097049507],"iteration":195,"passed_time":1.209144735,"remaining_time":4.959961056},
{"learn":[0.5095310988],"iteration":196,"passed_time":1.2147287,"remaining_time":4.951406833},
{"learn":[0.5094642467],"iteration":197,"passed_time":1.220536728,"remaining_time":4.943790181},
{"learn":[0.5093399745],"iteration":198,"passed_time":1.226329765,"remaining_time":4.936131368},
{"learn":[0.5092132236],"iteration":199,"passed_time":1.231690038,"remaining_time":4.926760152},
{"learn":[0.5090762867],"iteration":200,"passed_time":1.237198138,"remaining_time":4.918016477},
{"learn":[0.5089206555],"iteration":201,"passed_time":1.242352894,"remaining_time":4.907908959},
{"learn":[0.5088098341],"iteration":202,"passed_time":1.247279624,"remaining_time":4.896954979},
{"learn":[0.5086517776],"iteration":203,"passed_time":1.252770213,"remaining_time":4.888260244},
{"learn":[0.5084718251],"iteration":204,"passed_time":1.258176174,"remaining_time":4.879268576},
{"learn":[0.5083503802],"iteration":205,"passed_time":1.263703398,"remaining_time":4.870779115},
{"learn":[0.5082546843],"iteration":206,"passed_time":1.269242255,"remaining_time":4.862362843},
{"learn":[0.5080541508],"iteration":207,"passed_time":1.274960189,"remaining_time":4.854656105},
{"learn":[0.5078897817],"iteration":208,"passed_time":1.280314038,"remaining_time":4.845590451},
{"learn":[0.5077871415],"iteration":209,"passed_time":1.285767767,"remaining_time":4.836935884},
{"learn":[0.507546269],"iteration":210,"passed_time":1.291592709,"remaining_time":4.829699752},
{"learn":[0.5074412866],"iteration":211,"passed_time":1.29702796,"remaining_time":4.821028454},
{"learn":[0.5073302985],"iteration":212,"passed_time":1.302398007,"remaining_time":4.812146627},
{"learn":[0.50721563],"iteration":213,"passed_time":1.308839176,"remaining_time":4.80723174},
{"learn":[0.5070647681],"iteration":214,"passed_time":1.31521436,"remaining_time":4.802061732},
{"learn":[0.5070063993],"iteration":215,"passed_time":1.32119891,"remaining_time":4.795462709},
{"learn":[0.5068022456],"iteration":216,"passed_time":1.327093169,"remaining_time":4.788543555},
{"learn":[0.5066530242],"iteration":217,"passed_time":1.33366765,"remaining_time":4.784073865},
{"learn":[0.5064714521],"iteration":218,"passed_time":1.340009531,"remaining_time":4.778755452},
{"learn":[0.5063297054],"iteration":219,"passed_time":1.346618353,"remaining_time":4.774374161},
{"learn":[0.5062331583],"iteration":220,"passed_time":1.352412648,"remaining_time":4.767101596},
{"learn":[0.5060876567],"iteration":221,"passed_time":1.359027252,"remaining_time":4.762717125},
{"learn":[0.5059763369],"iteration":222,"passed_time":1.364824122,"remaining_time":4.755463421},
{"learn":[0.5057903323],"iteration":223,"passed_time":1.371256202,"remaining_time":4.750423272},
{"learn":[0.5056195514],"iteration":224,"passed_time":1.377816019,"remaining_time":4.745810731},
{"learn":[0.5054736273],"iteration":225,"passed_time":1.383891674,"remaining_time":4.739522814},
{"learn":[0.5053153387],"iteration":226,"passed_time":1.390869136,"remaining_time":4.736307673},
{"learn":[0.5052589167],"iteration":227,"passed_time":1.396534176,"remaining_time":4.72861572},
{"learn":[0.5050665907],"iteration":228,"passed_time":1.403100341,"remaining_time":4.723975383},
{"learn":[0.5049752339],"iteration":229,"passed_time":1.409423638,"remaining_time":4.718505224},
{"learn":[0.5048961138],"iteration":230,"passed_time":1.416138998,"remaining_time":4.714332855},
{"learn":[0.5048186689],"iteration":231,"passed_time":1.422877169,"remaining_time":4.710214078},
{"learn":[0.5046267738],"iteration":232,"passed_time":1.428735766,"remaining_time":4.703177392},
{"learn":[0.5045394861],"iteration":233,"passed_time":1.434405236,"remaining_time":4.695531669},
{"learn":[0.5044964032],"iteration":234,"passed_time":1.439657136,"remaining_time":4.686543443},
{"learn":[0.5044021328],"iteration":235,"passed_time":1.445510803,"remaining_time":4.679534972},
{"learn":[0.5043068955],"iteration":236,"passed_time":1.451746611,"remaining_time":4.673766517},
{"learn":[0.5041333185],"iteration":237,"passed_time":1.457479772,"remaining_time":4.666384815},
{"learn":[0.5039983538],"iteration":238,"passed_time":1.462863447,"remaining_time":4.657904113},
{"learn":[0.5039261384],"iteration":239,"passed_time":1.468315467,"remaining_time":4.649665645},
{"learn":[0.5038045602],"iteration":240,"passed_time":1.473528127,"remaining_time":4.640696466},
{"learn":[0.5036330285],"iteration":241,"passed_time":1.478648859,"remaining_time":4.631470393},
{"learn":[0.5035338107],"iteration":242,"passed_time":1.483981961,"remaining_time":4.622939688},
{"learn":[0.5033786671],"iteration":243,"passed_time":1.489784868,"remaining_time":4.615890821},
{"learn":[0.5032150064],"iteration":244,"passed_time":1.495321727,"remaining_time":4.60803226},
{"learn":[0.5030855986],"iteration":245,"passed_time":1.500665585,"remaining_time":4.599601022},
{"learn":[0.5029598143],"iteration":246,"passed_time":1.50620811,"remaining_time":4.591800434},
{"learn":[0.5028863908],"iteration":247,"passed_time":1.511650135,"remaining_time":4.583713312},
{"learn":[0.5028223198],"iteration":248,"passed_time":1.517189188,"remaining_time":4.57594008},
{"learn":[0.502761769],"iteration":249,"passed_time":1.522785418,"remaining_time":4.568356254},
{"learn":[0.5026417702],"iteration":250,"passed_time":1.528180621,"remaining_time":4.560188388},
{"learn":[0.5025171746],"iteration":251,"passed_time":1.533790659,"remaining_time":4.552680211},
{"learn":[0.502393836],"iteration":252,"passed_time":1.539171799,"remaining_time":4.544511202},
{"learn":[0.5022515054],"iteration":253,"passed_time":1.544980665,"remaining_time":4.537620377},
{"learn":[0.502137391],"iteration":254,"passed_time":1.55057222,"remaining_time":4.530103152},
{"learn":[0.5020192816],"iteration":255,"passed_time":1.556360673,"remaining_time":4.523173206},
{"learn":[0.5019553499],"iteration":256,"passed_time":1.561988984,"remaining_time":4.515789163},
{"learn":[0.5017995598],"iteration":257,"passed_time":1.568225273,"remaining_time":4.510167258},
{"learn":[0.5016135921],"iteration":258,"passed_time":1.57385432,"remaining_time":4.502803286},
{"learn":[0.5015097562],"iteration":259,"passed_time":1.57954809,"remaining_time":4.495636871},
{"learn":[0.5014107701],"iteration":260,"passed_time":1.585469144,"remaining_time":4.489125278},
{"learn":[0.5013127591],"iteration":261,"passed_time":1.591006534,"remaining_time":4.481537489},
{"learn":[0.5011202587],"iteration":262,"passed_time":1.598349117,"remaining_time":4.479023951},
{"learn":[0.5010167005],"iteration":263,"passed_time":1.604279926,"remaining_time":4.472537976},
{"learn":[0.5008964496],"iteration":264,"passed_time":1.610823424,"remaining_time":4.467755535},
{"learn":[0.5007690881],"iteration":265,"passed_time":1.617772367,"remaining_time":4.464078636},
{"learn":[0.500680141],"iteration":266,"passed_time":1.624579284,"remaining_time":4.459987323},
{"learn":[0.5006210592],"iteration":267,"passed_time":1.630426879,"remaining_time":4.453255504},
{"learn":[0.5005358747],"iteration":268,"passed_time":1.636669145,"remaining_time":4.44760277},
{"learn":[0.5004311321],"iteration":269,"passed_time":1.642628794,"remaining_time":4.441181554},
{"learn":[0.5003617927],"iteration":270,"passed_time":1.648370822,"remaining_time":4.434178337},
{"learn":[0.5002860269],"iteration":271,"passed_time":1.654238382,"remaining_time":4.427520376},
{"learn":[0.5002040279],"iteration":272,"passed_time":1.660379878,"remaining_time":4.421597696},
{"learn":[0.5000930282],"iteration":273,"passed_time":1.66634407,"remaining_time":4.415203632},
{"learn":[0.4999899223],"iteration":274,"passed_time":1.673502983,"remaining_time":4.411962409},
{"learn":[0.4998152669],"iteration":275,"passed_time":1.679295329,"remaining_time":4.405108037},
{"learn":[0.4997204906],"iteration":276,"passed_time":1.68468676,"remaining_time":4.3972149},
{"learn":[0.4996198717],"iteration":277,"passed_time":1.690166326,"remaining_time":4.38956866},
{"learn":[0.499482607],"iteration":278,"passed_time":1.695592974,"remaining_time":4.381801198},
{"learn":[0.4993763024],"iteration":279,"passed_time":1.701504199,"remaining_time":4.37529651},
{"learn":[0.4992028483],"iteration":280,"passed_time":1.706995243,"remaining_time":4.367720925},
{"learn":[0.499113022],"iteration":281,"passed_time":1.712188734,"remaining_time":4.359402522},
{"learn":[0.4990241951],"iteration":282,"passed_time":1.717653981,"remaining_time":4.351794716},
{"learn":[0.4988787112],"iteration":283,"passed_time":1.723170593,"remaining_time":4.344331496},
{"learn":[0.4987204875],"iteration":284,"passed_time":1.728599391,"remaining_time":4.336661629},
{"learn":[0.4986462161],"iteration":285,"passed_time":1.734155243,"remaining_time":4.329324627},
{"learn":[0.4985546271],"iteration":286,"passed_time":1.739857675,"remaining_time":4.322364189},
{"learn":[0.4984429966],"iteration":287,"passed_time":1.74553948,"remaining_time":4.315361492},
{"learn":[0.4983459786],"iteration":288,"passed_time":1.751014202,"remaining_time":4.307858468},
{"learn":[0.4981707706],"iteration":289,"passed_time":1.756693832,"remaining_time":4.300871105},
{"learn":[0.4980478985],"iteration":290,"passed_time":1.762186575,"remaining_time":4.293437395},
{"learn":[0.4979163764],"iteration":291,"passed_time":1.767647338,"remaining_time":4.285939436},
{"learn":[0.4977787275],"iteration":292,"passed_time":1.773203456,"remaining_time":4.278685472},
{"learn":[0.4976345083],"iteration":293,"passed_time":1.77913413,"remaining_time":4.272342503},
{"learn":[0.4975156708],"iteration":294,"passed_time":1.784629629,"remaining_time":4.264962334},
{"learn":[0.4973970411],"iteration":295,"passed_time":1.790393562,"remaining_time":4.258233337},
{"learn":[0.4973090563],"iteration":296,"passed_time":1.795886927,"remaining_time":4.250870402},
{"learn":[0.4971854697],"iteration":297,"passed_time":1.801979151,"remaining_time":4.244930753},
{"learn":[0.497091292],"iteration":298,"passed_time":1.808712277,"remaining_time":4.240492664},
{"learn":[0.4969949482],"iteration":299,"passed_time":1.815039122,"remaining_time":4.235091285},
{"learn":[0.4968805801],"iteration":300,"passed_time":1.821210674,"remaining_time":4.229323127},
{"learn":[0.4968197233],"iteration":301,"passed_time":1.827452936,"remaining_time":4.223715726},
{"learn":[0.4967400991],"iteration":302,"passed_time":1.834543984,"remaining_time":4.220056624},
{"learn":[0.4965859175],"iteration":303,"passed_time":1.841173749,"remaining_time":4.215318846},
{"learn":[0.4965051122],"iteration":304,"passed_time":1.847159992,"remaining_time":4.209102277},
{"learn":[0.4964237109],"iteration":305,"passed_time":1.852975997,"remaining_time":4.202501116},
{"learn":[0.4963233874],"iteration":306,"passed_time":1.858900458,"remaining_time":4.196149894},
{"learn":[0.4962394748],"iteration":307,"passed_time":1.864928506,"remaining_time":4.190034176},
{"learn":[0.4960742829],"iteration":308,"passed_time":1.870604214,"remaining_time":4.183131106},
{"learn":[0.4959687252],"iteration":309,"passed_time":1.876156685,"remaining_time":4.175961653},
{"learn":[0.4959021736],"iteration":310,"passed_time":1.881803308,"remaining_time":4.169011186},
{"learn":[0.4957695413],"iteration":311,"passed_time":1.887802036,"remaining_time":4.162845515},
{"learn":[0.4956318906],"iteration":312,"passed_time":1.893394864,"remaining_time":4.155790005},
{"learn":[0.4955194254],"iteration":313,"passed_time":1.89954898,"remaining_time":4.149970066},
{"learn":[0.4953972575],"iteration":314,"passed_time":1.905806904,"remaining_time":4.144373744},
{"learn":[0.4953110359],"iteration":315,"passed_time":1.915689734,"remaining_time":4.146619551},
{"learn":[0.4952127234],"iteration":316,"passed_time":1.925533034,"remaining_time":4.148703666},
{"learn":[0.495098448],"iteration":317,"passed_time":1.935139409,"remaining_time":4.150204644},
{"learn":[0.4950331001],"iteration":318,"passed_time":1.94353215,"remaining_time":4.149045124},
{"learn":[0.4948799369],"iteration":319,"passed_time":1.952827394,"remaining_time":4.149758212},
{"learn":[0.4947781486],"iteration":320,"passed_time":1.961787155,"remaining_time":4.14969931},
{"learn":[0.4946548664],"iteration":321,"passed_time":1.971201628,"remaining_time":4.150542557},
{"learn":[0.4946019884],"iteration":322,"passed_time":1.979539146,"remaining_time":4.149065022},
{"learn":[0.4944920741],"iteration":323,"passed_time":1.987365108,"remaining_time":4.146477818},
{"learn":[0.4944388444],"iteration":324,"passed_time":1.995564219,"remaining_time":4.144633377},
{"learn":[0.4943506619],"iteration":325,"passed_time":2.006985747,"remaining_time":4.149412251},
{"learn":[0.4942013189],"iteration":326,"passed_time":2.01612655,"remaining_time":4.149398067},
{"learn":[0.494089515],"iteration":327,"passed_time":2.036467397,"remaining_time":4.172274668},
{"learn":[0.4940110716],"iteration":328,"passed_time":2.043781933,"remaining_time":4.168321206},
{"learn":[0.4938986584],"iteration":329,"passed_time":2.052286028,"remaining_time":4.166762541},
{"learn":[0.4938136419],"iteration":330,"passed_time":2.059266595,"remaining_time":4.162082634},
{"learn":[0.4937376403],"iteration":331,"passed_time":2.065534544,"remaining_time":4.155955047},
{"learn":[0.4935209191],"iteration":332,"passed_time":2.071346255,"remaining_time":4.148912769},
{"learn":[0.4933970792],"iteration":333,"passed_time":2.077183884,"remaining_time":4.141929541},
{"learn":[0.493338694],"iteration":334,"passed_time":2.083034113,"remaining_time":4.134978166},
{"learn":[0.4932602956],"iteration":335,"passed_time":2.088729837,"remaining_time":4.127728011},
{"learn":[0.4931380534],"iteration":336,"passed_time":2.094416021,"remaining_time":4.120468315},
{"learn":[0.4930000681],"iteration":337,"passed_time":2.099815323,"remaining_time":4.112656047},
{"learn":[0.4929063844],"iteration":338,"passed_time":2.105761314,"remaining_time":4.105923978},
{"learn":[0.4928071343],"iteration":339,"passed_time":2.111436054,"remaining_time":4.098669987},
{"learn":[0.4927310157],"iteration":340,"passed_time":2.116878089,"remaining_time":4.090975544},
{"learn":[0.492642692],"iteration":341,"passed_time":2.122616901,"remaining_time":4.083865265},
{"learn":[0.4925320977],"iteration":342,"passed_time":2.12806399,"remaining_time":4.076204203},
{"learn":[0.4924520372],"iteration":343,"passed_time":2.133462446,"remaining_time":4.068463269},
{"learn":[0.4923663981],"iteration":344,"passed_time":2.138898052,"remaining_time":4.060806446},
{"learn":[0.492263146],"iteration":345,"passed_time":2.144201147,"remaining_time":4.052911995},
{"learn":[0.4921304496],"iteration":346,"passed_time":2.149954889,"remaining_time":4.045880527},
{"learn":[0.4920528468],"iteration":347,"passed_time":2.155576561,"remaining_time":4.038608959},
{"learn":[0.4919840067],"iteration":348,"passed_time":2.161203073,"remaining_time":4.031355876},
{"learn":[0.4919069091],"iteration":349,"passed_time":2.167312383,"remaining_time":4.025008711},
{"learn":[0.4918226825],"iteration":350,"passed_time":2.17266286,"remaining_time":4.017259818},
{"learn":[0.4916807711],"iteration":351,"passed_time":2.178252632,"remaining_time":4.009965072},
{"learn":[0.4915772283],"iteration":352,"passed_time":2.184068692,"remaining_time":4.003094741},
{"learn":[0.4914754801],"iteration":353,"passed_time":2.189707794,"remaining_time":3.995907444},
{"learn":[0.4914250055],"iteration":354,"passed_time":2.194941442,"remaining_time":3.987992198},
{"learn":[0.4913340594],"iteration":355,"passed_time":2.200385591,"remaining_time":3.980472811},
{"learn":[0.4912285367],"iteration":356,"passed_time":2.206191029,"remaining_time":3.973615775},
{"learn":[0.4911749828],"iteration":357,"passed_time":2.211876346,"remaining_time":3.966549202},
{"learn":[0.4910772253],"iteration":358,"passed_time":2.217995346,"remaining_time":3.96026467},
{"learn":[0.4909514781],"iteration":359,"passed_time":2.224322862,"remaining_time":3.954351755},
{"learn":[0.4908486746],"iteration":360,"passed_time":2.244979235,"remaining_time":3.97379981},
{"learn":[0.4907206268],"iteration":361,"passed_time":2.250796372,"remaining_time":3.966873164},
{"learn":[0.4906231797],"iteration":362,"passed_time":2.256859017,"remaining_time":3.960383453},
{"learn":[0.4905189469],"iteration":363,"passed_time":2.262533331,"remaining_time":3.953217579},
{"learn":[0.4904194905],"iteration":364,"passed_time":2.268159497,"remaining_time":3.945976112},
{"learn":[0.4903558072],"iteration":365,"passed_time":2.27387178,"remaining_time":3.938892646},
{"learn":[0.4902345143],"iteration":366,"passed_time":2.2797271,"remaining_time":3.932063363},
{"learn":[0.4901526881],"iteration":367,"passed_time":2.285541932,"remaining_time":3.92516984},
{"learn":[0.4900929799],"iteration":368,"passed_time":2.291077433,"remaining_time":3.917804499},
{"learn":[0.4900264779],"iteration":369,"passed_time":2.296795577,"remaining_time":3.910760037},
{"learn":[0.4899495252],"iteration":370,"passed_time":2.302879074,"remaining_time":3.90434215},
{"learn":[0.4898456627],"iteration":371,"passed_time":2.308643378,"remaining_time":3.897387208},
{"learn":[0.4897795937],"iteration":372,"passed_time":2.314161238,"remaining_time":3.890024386},
{"learn":[0.4896801464],"iteration":373,"passed_time":2.31998854,"remaining_time":3.883189375},
{"learn":[0.4896154513],"iteration":374,"passed_time":2.32564326,"remaining_time":3.8760721},
{"learn":[0.4895380052],"iteration":375,"passed_time":2.331462631,"remaining_time":3.869235856},
{"learn":[0.4894475095],"iteration":376,"passed_time":2.336839222,"remaining_time":3.861673303},
{"learn":[0.4893426926],"iteration":377,"passed_time":2.342646955,"remaining_time":3.854831761},
{"learn":[0.4892706634],"iteration":378,"passed_time":2.348462027,"remaining_time":3.848007702},
{"learn":[0.4891783286],"iteration":379,"passed_time":2.354178609,"remaining_time":3.841028256},
{"learn":[0.4891089786],"iteration":380,"passed_time":2.359701949,"remaining_time":3.833741487},
{"learn":[0.4889856926],"iteration":381,"passed_time":2.365456192,"remaining_time":3.826837505},
{"learn":[0.4889007141],"iteration":382,"passed_time":2.371092715,"remaining_time":3.819749882},
{"learn":[0.4887119931],"iteration":383,"passed_time":2.376871633,"remaining_time":3.812898245},
{"learn":[0.4886223464],"iteration":384,"passed_time":2.382494077,"remaining_time":3.805802227},
{"learn":[0.488560426],"iteration":385,"passed_time":2.387933285,"remaining_time":3.798422376},
{"learn":[0.4884236992],"iteration":386,"passed_time":2.393767272,"remaining_time":3.791677875},
{"learn":[0.4883745536],"iteration":387,"passed_time":2.399243797,"remaining_time":3.784374237},
{"learn":[0.4883086873],"iteration":388,"passed_time":2.405331503,"remaining_time":3.778039969},
{"learn":[0.4882084873],"iteration":389,"passed_time":2.412117978,"remaining_time":3.772799914},
{"learn":[0.4881199172],"iteration":390,"passed_time":2.418288598,"remaining_time":3.766592727},
{"learn":[0.4880640678],"iteration":391,"passed_time":2.424099978,"remaining_time":3.759828538},
{"learn":[0.4879494151],"iteration":392,"passed_time":2.430410469,"remaining_time":3.753840089},
{"learn":[0.4878281017],"iteration":393,"passed_time":2.436659675,"remaining_time":3.747755744},
{"learn":[0.4877438375],"iteration":394,"passed_time":2.44238544,"remaining_time":3.740868839},
{"learn":[0.4876829872],"iteration":395,"passed_time":2.448217533,"remaining_time":3.734149974},
{"learn":[0.4875694767],"iteration":396,"passed_time":2.453823803,"remaining_time":3.727092578},
{"learn":[0.4874558596],"iteration":397,"passed_time":2.459052762,"remaining_time":3.719471766},
{"learn":[0.4873716749],"iteration":398,"passed_time":2.464827848,"remaining_time":3.712685555},
{"learn":[0.4872766241],"iteration":399,"passed_time":2.470299498,"remaining_time":3.705449247},
{"learn":[0.4871525432],"iteration":400,"passed_time":2.4755129,"remaining_time":3.697835977},
{"learn":[0.4870838994],"iteration":401,"passed_time":2.481220873,"remaining_time":3.690970354},
{"learn":[0.4869775417],"iteration":402,"passed_time":2.486856163,"remaining_time":3.684002802},
{"learn":[0.4869046401],"iteration":403,"passed_time":2.493070553,"remaining_time":3.677896162},
{"learn":[0.4867803128],"iteration":404,"passed_time":2.498205078,"remaining_time":3.670202522},
{"learn":[0.4867298888],"iteration":405,"passed_time":2.503570375,"remaining_time":3.662859121},
{"learn":[0.4866415139],"iteration":406,"passed_time":2.509051059,"remaining_time":3.655693558},
{"learn":[0.4865715801],"iteration":407,"passed_time":2.514518636,"remaining_time":3.648517236},
{"learn":[0.4864558902],"iteration":408,"passed_time":2.519999625,"remaining_time":3.641368651},
{"learn":[0.4863783315],"iteration":409,"passed_time":2.525574636,"remaining_time":3.634363501},
{"learn":[0.4862595711],"iteration":410,"passed_time":2.530886274,"remaining_time":3.626987872},
{"learn":[0.4861763327],"iteration":411,"passed_time":2.536387259,"remaining_time":3.619892496},
{"learn":[0.4861011757],"iteration":412,"passed_time":2.541687814,"remaining_time":3.612519968},
{"learn":[0.4860137053],"iteration":413,"passed_time":2.547205198,"remaining_time":3.605464362},
{"learn":[0.4859516093],"iteration":414,"passed_time":2.553133978,"remaining_time":3.59899609},
{"learn":[0.4858887187],"iteration":415,"passed_time":2.55831332,"remaining_time":3.591478315},
{"learn":[0.485783477],"iteration":416,"passed_time":2.563649819,"remaining_time":3.584191473},
{"learn":[0.4856875882],"iteration":417,"passed_time":2.569077048,"remaining_time":3.577040292},
{"learn":[0.4856245624],"iteration":418,"passed_time":2.57420507,"remaining_time":3.569482448},
{"learn":[0.4855549969],"iteration":419,"passed_time":2.579487212,"remaining_time":3.562149007},
{"learn":[0.4854728877],"iteration":420,"passed_time":2.584910693,"remaining_time":3.555019695},
{"learn":[0.4853769029],"iteration":421,"passed_time":2.59049277,"remaining_time":3.548115689},
{"learn":[0.4852938928],"iteration":422,"passed_time":2.596270301,"remaining_time":3.541484547},
{"learn":[0.4851843405],"iteration":423,"passed_time":2.601941013,"remaining_time":3.534712319},
{"learn":[0.4851247547],"iteration":424,"passed_time":2.607377516,"remaining_time":3.527628404},
{"learn":[0.4850384998],"iteration":425,"passed_time":2.614294999,"remaining_time":3.522547722},
{"learn":[0.4849686937],"iteration":426,"passed_time":2.620418859,"remaining_time":3.516393457},
{"learn":[0.484908509],"iteration":427,"passed_time":2.626261007,"remaining_time":3.509862841},
{"learn":[0.4848017223],"iteration":428,"passed_time":2.63256017,"remaining_time":3.503943723},
{"learn":[0.4846398156],"iteration":429,"passed_time":2.6384671,"remaining_time":3.497502901},
{"learn":[0.4845771605],"iteration":430,"passed_time":2.643587397,"remaining_time":3.490026053},
{"learn":[0.484494983],"iteration":431,"passed_time":2.648568348,"remaining_time":3.482376902},
{"learn":[0.4843805269],"iteration":432,"passed_time":2.653907788,"remaining_time":3.475209505},
{"learn":[0.4842885073],"iteration":433,"passed_time":2.659067023,"remaining_time":3.467815519},
{"learn":[0.4842207871],"iteration":434,"passed_time":2.664148195,"remaining_time":3.460330414},
{"learn":[0.4841288483],"iteration":435,"passed_time":2.669101644,"remaining_time":3.452691118},
{"learn":[0.4840634612],"iteration":436,"passed_time":2.6740626,"remaining_time":3.445073784},
{"learn":[0.4839707318],"iteration":437,"passed_time":2.679310417,"remaining_time":3.437836653},
{"learn":[0.4839126314],"iteration":438,"passed_time":2.684514254,"remaining_time":3.430552383},
{"learn":[0.4838497763],"iteration":439,"passed_time":2.689782232,"remaining_time":3.423359204},
{"learn":[0.4837602146],"iteration":440,"passed_time":2.694967286,"remaining_time":3.416069643},
{"learn":[0.4836927064],"iteration":441,"passed_time":2.700265301,"remaining_time":3.408932212},
{"learn":[0.4835735187],"iteration":442,"passed_time":2.705373437,"remaining_time":3.401564344},
{"learn":[0.4834798551],"iteration":443,"passed_time":2.710346597,"remaining_time":3.394037631},
{"learn":[0.4834218381],"iteration":444,"passed_time":2.715085728,"remaining_time":3.386230515},
{"learn":[0.4832104042],"iteration":445,"passed_time":2.720258051,"remaining_time":3.378975247},
{"learn":[0.4831643698],"iteration":446,"passed_time":2.725113686,"remaining_time":3.371337513},
{"learn":[0.4831042844],"iteration":447,"passed_time":2.730369674,"remaining_time":3.364205491},
{"learn":[0.4830279768],"iteration":448,"passed_time":2.735437478,"remaining_time":3.356850892},
{"learn":[0.4829502927],"iteration":449,"passed_time":2.741045788,"remaining_time":3.350167074},
{"learn":[0.4828980742],"iteration":450,"passed_time":2.746312709,"remaining_time":3.343072455},
{"learn":[0.4827989844],"iteration":451,"passed_time":2.751524693,"remaining_time":3.335919318},
{"learn":[0.4827317235],"iteration":452,"passed_time":2.756895712,"remaining_time":3.328966787},
{"learn":[0.4826541533],"iteration":453,"passed_time":2.76241764,"remaining_time":3.322202712},
{"learn":[0.4825960313],"iteration":454,"passed_time":2.767669325,"remaining_time":3.3151204},
{"learn":[0.482548206],"iteration":455,"passed_time":2.773371496,"remaining_time":3.30858354},
{"learn":[0.4824907906],"iteration":456,"passed_time":2.77909409,"remaining_time":3.302074597},
{"learn":[0.4823568165],"iteration":457,"passed_time":2.784722431,"remaining_time":3.295457549},
{"learn":[0.4822762701],"iteration":458,"passed_time":2.790719105,"remaining_time":3.289278945},
{"learn":[0.4822101304],"iteration":459,"passed_time":2.796339054,"remaining_time":3.282658889},
{"learn":[0.4821532103],"iteration":460,"passed_time":2.802262854,"remaining_time":3.276398434},
{"learn":[0.4820787639],"iteration":461,"passed_time":2.807824393,"remaining_time":3.269717583},
{"learn":[0.4820346918],"iteration":462,"passed_time":2.813331631,"remaining_time":3.262978587},
{"learn":[0.4819210484],"iteration":463,"passed_time":2.819811318,"remaining_time":3.257368247},
{"learn":[0.4817825203],"iteration":464,"passed_time":2.82632486,"remaining_time":3.251793118},
{"learn":[0.4816996658],"iteration":465,"passed_time":2.832476196,"remaining_time":3.245798902},
{"learn":[0.4816450638],"iteration":466,"passed_time":2.838663665,"remaining_time":3.239845254},
{"learn":[0.481532652],"iteration":467,"passed_time":2.845335095,"remaining_time":3.234440749},
{"learn":[0.4814360245],"iteration":468,"passed_time":2.852010408,"remaining_time":3.229035238},
{"learn":[0.4813523106],"iteration":469,"passed_time":2.858770559,"remaining_time":3.223719992},
{"learn":[0.4812717418],"iteration":470,"passed_time":2.864493418,"remaining_time":3.217233584},
{"learn":[0.4812056576],"iteration":471,"passed_time":2.87012985,"remaining_time":3.210653731},
{"learn":[0.4810998251],"iteration":472,"passed_time":2.876205441,"remaining_time":3.204567162},
{"learn":[0.4810148413],"iteration":473,"passed_time":2.882021591,"remaining_time":3.198192736},
{"learn":[0.4809469017],"iteration":474,"passed_time":2.887999452,"remaining_time":3.191999394},
{"learn":[0.4808749181],"iteration":475,"passed_time":2.893937892,"remaining_time":3.185763562},
{"learn":[0.4807814717],"iteration":476,"passed_time":2.899839487,"remaining_time":3.179488578},
{"learn":[0.4806864661],"iteration":477,"passed_time":2.905621777,"remaining_time":3.17308487},
{"learn":[0.48061448],"iteration":478,"passed_time":2.911615285,"remaining_time":3.166913494},
{"learn":[0.4805348943],"iteration":479,"passed_time":2.917123024,"remaining_time":3.160216609},
{"learn":[0.4804526425],"iteration":480,"passed_time":2.922917319,"remaining_time":3.153833864},
{"learn":[0.4803299791],"iteration":481,"passed_time":2.928725673,"remaining_time":3.147468669},
{"learn":[0.4802589826],"iteration":482,"passed_time":2.934576103,"remaining_time":3.141150819},
{"learn":[0.4801653444],"iteration":483,"passed_time":2.940614117,"remaining_time":3.135034885},
{"learn":[0.4801273447],"iteration":484,"passed_time":2.946611498,"remaining_time":3.128876126},
{"learn":[0.4800452661],"iteration":485,"passed_time":2.952489173,"remaining_time":3.12259143},
{"learn":[0.4799461408],"iteration":486,"passed_time":2.958406686,"remaining_time":3.116350369},
{"learn":[0.4798627105],"iteration":487,"passed_time":2.964118632,"remaining_time":3.109894958},
{"learn":[0.4797327313],"iteration":488,"passed_time":2.969838551,"remaining_time":3.103450919},
{"learn":[0.4796699107],"iteration":489,"passed_time":2.975129936,"remaining_time":3.096563811},
{"learn":[0.4796235247],"iteration":490,"passed_time":2.980555888,"remaining_time":3.089822703},
{"learn":[0.4795559524],"iteration":491,"passed_time":2.986164358,"remaining_time":3.083275394},
{"learn":[0.4794702434],"iteration":492,"passed_time":2.991732135,"remaining_time":3.076690046},
{"learn":[0.4793710929],"iteration":493,"passed_time":2.997235986,"remaining_time":3.070043338},
{"learn":[0.4793024974],"iteration":494,"passed_time":3.003053033,"remaining_time":3.063720771},
{"learn":[0.4792420246],"iteration":495,"passed_time":3.008564334,"remaining_time":3.057089565},
{"learn":[0.4791683585],"iteration":496,"passed_time":3.014155859,"remaining_time":3.050544059},
{"learn":[0.4790787957],"iteration":497,"passed_time":3.02022649,"remaining_time":3.044485337},
{"learn":[0.479016706],"iteration":498,"passed_time":3.026174169,"remaining_time":3.038303123},
{"learn":[0.4789587227],"iteration":499,"passed_time":3.032432107,"remaining_time":3.032432107},
{"learn":[0.4788964046],"iteration":500,"passed_time":3.038177703,"remaining_time":3.026049249},
{"learn":[0.4788378586],"iteration":501,"passed_time":3.044257893,"remaining_time":3.020000858},
{"learn":[0.4787603639],"iteration":502,"passed_time":3.050476587,"remaining_time":3.014089192},
{"learn":[0.4787078874],"iteration":503,"passed_time":3.055952591,"remaining_time":3.007445407},
{"learn":[0.4786327488],"iteration":504,"passed_time":3.061561472,"remaining_time":3.000936492},
{"learn":[0.4785756502],"iteration":505,"passed_time":3.067147376,"remaining_time":2.994408703},
{"learn":[0.4784519322],"iteration":506,"passed_time":3.073056696,"remaining_time":2.988199115},
{"learn":[0.4783389685],"iteration":507,"passed_time":3.078607393,"remaining_time":2.98164338},
{"learn":[0.4782515487],"iteration":508,"passed_time":3.084091724,"remaining_time":2.975027576},
{"learn":[0.4781583061],"iteration":509,"passed_time":3.089589492,"remaining_time":2.96842912},
{"learn":[0.4780461843],"iteration":510,"passed_time":3.094710415,"remaining_time":2.96147435},
{"learn":[0.4779949708],"iteration":511,"passed_time":3.099962952,"remaining_time":2.954652188},
{"learn":[0.4779470921],"iteration":512,"passed_time":3.105779948,"remaining_time":2.948371998},
{"learn":[0.4778801463],"iteration":513,"passed_time":3.111376895,"remaining_time":2.941885546},
{"learn":[0.477783731],"iteration":514,"passed_time":3.116803673,"remaining_time":2.935242294},
{"learn":[0.4777196104],"iteration":515,"passed_time":3.122542454,"remaining_time":2.928896411},
{"learn":[0.4776516968],"iteration":516,"passed_time":3.12781887,"remaining_time":2.922120917},
{"learn":[0.4776024445],"iteration":517,"passed_time":3.133331158,"remaining_time":2.915570692},
{"learn":[0.4775486382],"iteration":518,"passed_time":3.138859244,"remaining_time":2.909039107},
{"learn":[0.4774627261],"iteration":519,"passed_time":3.144457518,"remaining_time":2.90257617},
{"learn":[0.4773946326],"iteration":520,"passed_time":3.150362469,"remaining_time":2.896398508},
{"learn":[0.477331945],"iteration":521,"passed_time":3.155853504,"remaining_time":2.889842864},
{"learn":[0.4772570425],"iteration":522,"passed_time":3.161164385,"remaining_time":2.883126982},
{"learn":[0.477177693],"iteration":523,"passed_time":3.166403119,"remaining_time":2.876350925},
{"learn":[0.4770549107],"iteration":524,"passed_time":3.171930833,"remaining_time":2.869842183},
{"learn":[0.4769863751],"iteration":525,"passed_time":3.177538968,"remaining_time":2.86340964},
{"learn":[0.4769431921],"iteration":526,"passed_time":3.18261355,"remaining_time":2.856501346},
{"learn":[0.4768741671],"iteration":527,"passed_time":3.188355694,"remaining_time":2.850196757},
{"learn":[0.476830608],"iteration":528,"passed_time":3.194062385,"remaining_time":2.843862729},
{"learn":[0.4767545893],"iteration":529,"passed_time":3.201414007,"remaining_time":2.83898978},
{"learn":[0.4766473841],"iteration":530,"passed_time":3.208378817,"remaining_time":2.833765848},
{"learn":[0.4765767909],"iteration":531,"passed_time":3.214964597,"remaining_time":2.828201938},
{"learn":[0.4765126091],"iteration":532,"passed_time":3.22083857,"remaining_time":2.822010529},
{"learn":[0.4764158866],"iteration":533,"passed_time":3.227191528,"remaining_time":2.816238299},
{"learn":[0.4762966207],"iteration":534,"passed_time":3.23450164,"remaining_time":2.811295818},
{"learn":[0.4761949377],"iteration":535,"passed_time":3.2405648,"remaining_time":2.805265051},
{"learn":[0.4761146428],"iteration":536,"passed_time":3.246658287,"remaining_time":2.799260311},
{"learn":[0.4760396688],"iteration":537,"passed_time":3.252364327,"remaining_time":2.792922526},
{"learn":[0.475989218],"iteration":538,"passed_time":3.258090853,"remaining_time":2.786604607},
{"learn":[0.475933199],"iteration":539,"passed_time":3.264071359,"remaining_time":2.780505232},
{"learn":[0.4758861885],"iteration":540,"passed_time":3.269620378,"remaining_time":2.77404021},
{"learn":[0.4757073353],"iteration":541,"passed_time":3.275663933,"remaining_time":2.76799646},
{"learn":[0.475630941],"iteration":542,"passed_time":3.281145433,"remaining_time":2.761479674},
{"learn":[0.4755688858],"iteration":543,"passed_time":3.286526598,"remaining_time":2.75488259},
{"learn":[0.4754422737],"iteration":544,"passed_time":3.292611362,"remaining_time":2.748877376},
{"learn":[0.475354001],"iteration":545,"passed_time":3.29853406,"remaining_time":2.742737112},
{"learn":[0.4752837818],"iteration":546,"passed_time":3.304146018,"remaining_time":2.736340304},
{"learn":[0.4752287453],"iteration":547,"passed_time":3.309899855,"remaining_time":2.730063384},
{"learn":[0.4751412723],"iteration":548,"passed_time":3.315844854,"remaining_time":2.723945408},
{"learn":[0.4750354134],"iteration":549,"passed_time":3.32182309,"remaining_time":2.717855256},
{"learn":[0.474905651],"iteration":550,"passed_time":3.327695275,"remaining_time":2.71167909},
{"learn":[0.4748568772],"iteration":551,"passed_time":3.333250275,"remaining_time":2.7052466},
{"learn":[0.4746876823],"iteration":552,"passed_time":3.338496174,"remaining_time":2.698567431},
{"learn":[0.4746208883],"iteration":553,"passed_time":3.344428055,"remaining_time":2.69244569},
{"learn":[0.4745450846],"iteration":554,"passed_time":3.349990922,"remaining_time":2.686028757},
{"learn":[0.4744583497],"iteration":555,"passed_time":3.355439745,"remaining_time":2.679523825},
{"learn":[0.4743988544],"iteration":556,"passed_time":3.360902141,"remaining_time":2.673033481},
{"learn":[0.4743334939],"iteration":557,"passed_time":3.366635948,"remaining_time":2.666761808},
{"learn":[0.4742709852],"iteration":558,"passed_time":3.372439366,"remaining_time":2.660546978},
{"learn":[0.4742114982],"iteration":559,"passed_time":3.377854892,"remaining_time":2.654028844},
{"learn":[0.4741480786],"iteration":560,"passed_time":3.383184747,"remaining_time":2.647447601},
{"learn":[0.4740627347],"iteration":561,"passed_time":3.38880205,"remaining_time":2.641094836},
{"learn":[0.4739948799],"iteration":562,"passed_time":3.394688213,"remaining_time":2.634953373},
{"learn":[0.473897535],"iteration":563,"passed_time":3.400308082,"remaining_time":2.628606957},
{"learn":[0.4738298364],"iteration":564,"passed_time":3.405965276,"remaining_time":2.62229185},
{"learn":[0.4737454351],"iteration":565,"passed_time":3.411874877,"remaining_time":2.616172609},
{"learn":[0.4736958329],"iteration":566,"passed_time":3.417740348,"remaining_time":2.610020407},
{"learn":[0.4736244108],"iteration":567,"passed_time":3.42410464,"remaining_time":2.604248599},
{"learn":[0.4735531993],"iteration":568,"passed_time":3.430693646,"remaining_time":2.598644923},
{"learn":[0.4734761149],"iteration":569,"passed_time":3.437201751,"remaining_time":2.59297676},
{"learn":[0.4734065722],"iteration":570,"passed_time":3.443085434,"remaining_time":2.586836517},
{"learn":[0.4732873189],"iteration":571,"passed_time":3.448700913,"remaining_time":2.580496488},
{"learn":[0.4732322185],"iteration":572,"passed_time":3.454462412,"remaining_time":2.574267801},
{"learn":[0.4730832443],"iteration":573,"passed_time":3.460274032,"remaining_time":2.56807794},
{"learn":[0.4730147086],"iteration":574,"passed_time":3.465941819,"remaining_time":2.561783083},
{"learn":[0.4729484022],"iteration":575,"passed_time":3.471539612,"remaining_time":2.555438881},
{"learn":[0.4728970822],"iteration":576,"passed_time":3.477316481,"remaining_time":2.549228547},
{"learn":[0.4728213051],"iteration":577,"passed_time":3.483132686,"remaining_time":2.543048432},
{"learn":[0.4727675767],"iteration":578,"passed_time":3.488635746,"remaining_time":2.536641881},
{"learn":[0.4726868381],"iteration":579,"passed_time":3.494276602,"remaining_time":2.530338229},
{"learn":[0.472610111],"iteration":580,"passed_time":3.499743031,"remaining_time":2.523911067},
{"learn":[0.4725543781],"iteration":581,"passed_time":3.50520438,"remaining_time":2.517483558},
{"learn":[0.4725013367],"iteration":582,"passed_time":3.510719885,"remaining_time":2.5110981},
{"learn":[0.4724220351],"iteration":583,"passed_time":3.516395803,"remaining_time":2.504829887},
{"learn":[0.4723479039],"iteration":584,"passed_time":3.522083976,"remaining_time":2.498572393},
{"learn":[0.4722679982],"iteration":585,"passed_time":3.528088551,"remaining_time":2.492540376},
{"learn":[0.472216463],"iteration":586,"passed_time":3.533792928,"remaining_time":2.486297239},
{"learn":[0.4721386381],"iteration":587,"passed_time":3.539768985,"remaining_time":2.480246295},
{"learn":[0.4720761942],"iteration":588,"passed_time":3.545376267,"remaining_time":2.473938278},
{"learn":[0.4719924872],"iteration":589,"passed_time":3.551681934,"remaining_time":2.468117954},
{"learn":[0.4718835976],"iteration":590,"passed_time":3.55732532,"remaining_time":2.461837658},
{"learn":[0.4718088368],"iteration":591,"passed_time":3.563038279,"remaining_time":2.455607463},
{"learn":[0.4717634615],"iteration":592,"passed_time":3.568220903,"remaining_time":2.449015021},
{"learn":[0.4716845658],"iteration":593,"passed_time":3.574016686,"remaining_time":2.442846422},
{"learn":[0.4716231524],"iteration":594,"passed_time":3.579649381,"remaining_time":2.436568066},
{"learn":[0.471567045],"iteration":595,"passed_time":3.58513772,"remaining_time":2.430194025},
{"learn":[0.4715165393],"iteration":596,"passed_time":3.590672138,"remaining_time":2.423854056},
{"learn":[0.4713735906],"iteration":597,"passed_time":3.59628892,"remaining_time":2.41757215},
{"learn":[0.4713278802],"iteration":598,"passed_time":3.602683037,"remaining_time":2.411812851},
{"learn":[0.4712870065],"iteration":599,"passed_time":3.608903975,"remaining_time":2.405935984},
{"learn":[0.4711843428],"iteration":600,"passed_time":3.615152515,"remaining_time":2.400076296},
{"learn":[0.4711173864],"iteration":601,"passed_time":3.6209586,"remaining_time":2.393922795},
{"learn":[0.4710529925],"iteration":602,"passed_time":3.626994785,"remaining_time":2.38792194},
{"learn":[0.4710261746],"iteration":603,"passed_time":3.633257253,"remaining_time":2.382069325},
{"learn":[0.4709607206],"iteration":604,"passed_time":3.639206961,"remaining_time":2.376011156},
{"learn":[0.4709249623],"iteration":605,"passed_time":3.645033542,"remaining_time":2.369873293},
{"learn":[0.4708716022],"iteration":606,"passed_time":3.650957498,"remaining_time":2.3637995},
{"learn":[0.4708175268],"iteration":607,"passed_time":3.656646633,"remaining_time":2.357574803},
{"learn":[0.4707618574],"iteration":608,"passed_time":3.662729659,"remaining_time":2.351604756},
{"learn":[0.4706848995],"iteration":609,"passed_time":3.668495029,"remaining_time":2.345431248},
{"learn":[0.4706446631],"iteration":610,"passed_time":3.674376122,"remaining_time":2.339332752},
{"learn":[0.4704934046],"iteration":611,"passed_time":3.680172712,"remaining_time":2.333181393},
{"learn":[0.470439825],"iteration":612,"passed_time":3.686075129,"remaining_time":2.327098001},
{"learn":[0.4703938809],"iteration":613,"passed_time":3.692288557,"remaining_time":2.321210721},
{"learn":[0.4703610566],"iteration":614,"passed_time":3.698296293,"remaining_time":2.315193615},
{"learn":[0.4703001246],"iteration":615,"passed_time":3.704386379,"remaining_time":2.309227873},
{"learn":[0.4702242238],"iteration":616,"passed_time":3.710008913,"remaining_time":2.302971497},
{"learn":[0.4701120609],"iteration":617,"passed_time":3.715952062,"remaining_time":2.296915352},
{"learn":[0.4700481125],"iteration":618,"passed_time":3.722560077,"remaining_time":2.291268804},
{"learn":[0.4700027874],"iteration":619,"passed_time":3.728251126,"remaining_time":2.285057142},
{"learn":[0.469928586],"iteration":620,"passed_time":3.734237269,"remaining_time":2.279027254},
{"learn":[0.4698293379],"iteration":621,"passed_time":3.740386826,"remaining_time":2.273096817},
{"learn":[0.4697834914],"iteration":622,"passed_time":3.746077129,"remaining_time":2.266887765},
{"learn":[0.4697365197],"iteration":623,"passed_time":3.75225066,"remaining_time":2.260971551},
{"learn":[0.4696355116],"iteration":624,"passed_time":3.758256633,"remaining_time":2.25495398},
{"learn":[0.4695556285],"iteration":625,"passed_time":3.764197573,"remaining_time":2.248897592},
{"learn":[0.4694720441],"iteration":626,"passed_time":3.770017581,"remaining_time":2.24276963},
{"learn":[0.4694050576],"iteration":627,"passed_time":3.775431889,"remaining_time":2.236402329},
{"learn":[0.4693208672],"iteration":628,"passed_time":3.781493351,"remaining_time":2.230419766},
{"learn":[0.4691946156],"iteration":629,"passed_time":3.787608723,"remaining_time":2.224468615},
{"learn":[0.4691463126],"iteration":630,"passed_time":3.793630764,"remaining_time":2.218462364},
{"learn":[0.4690305237],"iteration":631,"passed_time":3.799451598,"remaining_time":2.212338905},
{"learn":[0.4689564787],"iteration":632,"passed_time":3.80492885,"remaining_time":2.206017201},
{"learn":[0.4688945042],"iteration":633,"passed_time":3.811641294,"remaining_time":2.20041122},
{"learn":[0.4688260579],"iteration":634,"passed_time":3.818033933,"remaining_time":2.19461793},
{"learn":[0.4687443744],"iteration":635,"passed_time":3.825074007,"remaining_time":2.1891933},
{"learn":[0.4686747284],"iteration":636,"passed_time":3.830630902,"remaining_time":2.182918394},
{"learn":[0.468540017],"iteration":637,"passed_time":3.836562543,"remaining_time":2.176858371},
{"learn":[0.4684510285],"iteration":638,"passed_time":3.842053798,"remaining_time":2.170549955},
{"learn":[0.4683948226],"iteration":639,"passed_time":3.84697656,"remaining_time":2.163924315},
{"learn":[0.4683494525],"iteration":640,"passed_time":3.851872853,"remaining_time":2.157289164},
{"learn":[0.4683095459],"iteration":641,"passed_time":3.85730889,"remaining_time":2.150960409},
{"learn":[0.4682338739],"iteration":642,"passed_time":3.863141213,"remaining_time":2.144854453},
{"learn":[0.4681898531],"iteration":643,"passed_time":3.869170965,"remaining_time":2.138858484},
{"learn":[0.4681331845],"iteration":644,"passed_time":3.874718079,"remaining_time":2.132596772},
{"learn":[0.468068643],"iteration":645,"passed_time":3.880350764,"remaining_time":2.126384165},
{"learn":[0.4680138319],"iteration":646,"passed_time":3.885864465,"remaining_time":2.120108433},
{"learn":[0.4679642085],"iteration":647,"passed_time":3.890706953,"remaining_time":2.113470444},
{"learn":[0.4678870276],"iteration":648,"passed_time":3.895812314,"remaining_time":2.106980157},
{"learn":[0.4678288802],"iteration":649,"passed_time":3.901539687,"remaining_time":2.100829062},
{"learn":[0.4677377121],"iteration":650,"passed_time":3.907151499,"remaining_time":2.094617316},
{"learn":[0.4676838996],"iteration":651,"passed_time":3.91319823,"remaining_time":2.088639546},
{"learn":[0.4676278605],"iteration":652,"passed_time":3.918098476,"remaining_time":2.08205233},
{"learn":[0.46758237],"iteration":653,"passed_time":3.922768466,"remaining_time":2.075348454},
{"learn":[0.4675363348],"iteration":654,"passed_time":3.92785603,"remaining_time":2.068870734},
{"learn":[0.4674655815],"iteration":655,"passed_time":3.93269431,"remaining_time":2.062266528},
{"learn":[0.4674035065],"iteration":656,"passed_time":3.937448386,"remaining_time":2.055623739},
{"learn":[0.4673337742],"iteration":657,"passed_time":3.942625885,"remaining_time":2.049206767},
{"learn":[0.4672779355],"iteration":658,"passed_time":3.947830087,"remaining_time":2.042807375},
{"learn":[0.4672195403],"iteration":659,"passed_time":3.953411482,"remaining_time":2.036605915},
{"learn":[0.4671345991],"iteration":660,"passed_time":3.959085241,"remaining_time":2.030453701},
{"learn":[0.4670565728],"iteration":661,"passed_time":3.964901511,"remaining_time":2.024375696},
{"learn":[0.4669940295],"iteration":662,"passed_time":3.970313524,"remaining_time":2.018092998},
{"learn":[0.4669380981],"iteration":663,"passed_time":3.976210805,"remaining_time":2.01205848},
{"learn":[0.4668982816],"iteration":664,"passed_time":3.98169236,"remaining_time":2.005814948},
{"learn":[0.4668585438],"iteration":665,"passed_time":3.987022771,"remaining_time":1.999497906},
{"learn":[0.4667956408],"iteration":666,"passed_time":3.992677325,"remaining_time":1.993345651},
{"learn":[0.46665978],"iteration":667,"passed_time":3.998187344,"remaining_time":1.987123051},
{"learn":[0.4665957967],"iteration":668,"passed_time":4.004056227,"remaining_time":1.981080136},
{"learn":[0.4665180525],"iteration":669,"passed_time":4.009553134,"remaining_time":1.974854528},
{"learn":[0.4664473372],"iteration":670,"passed_time":4.015179064,"remaining_time":1.968694355},
{"learn":[0.4663959063],"iteration":671,"passed_time":4.021738049,"remaining_time":1.962991191},
{"learn":[0.4662831577],"iteration":672,"passed_time":4.027375538,"remaining_time":1.956837743},
{"learn":[0.4661859014],"iteration":673,"passed_time":4.032603465,"remaining_time":1.950487729},
{"learn":[0.4661117342],"iteration":674,"passed_time":4.037774064,"remaining_time":1.944113438},
{"learn":[0.4660815242],"iteration":675,"passed_time":4.043183812,"remaining_time":1.93785733},
{"learn":[0.4660169759],"iteration":676,"passed_time":4.048881891,"remaining_time":1.931741286},
{"learn":[0.4659160342],"iteration":677,"passed_time":4.054398322,"remaining_time":1.925540206},
{"learn":[0.4658609911],"iteration":678,"passed_time":4.059490932,"remaining_time":1.919140779},
{"learn":[0.4658001031],"iteration":679,"passed_time":4.064430668,"remaining_time":1.912673256},
{"learn":[0.4657657483],"iteration":680,"passed_time":4.069505647,"remaining_time":1.90627357},
{"learn":[0.4656846025],"iteration":681,"passed_time":4.074164153,"remaining_time":1.899683579},
{"learn":[0.4656302936],"iteration":682,"passed_time":4.079506208,"remaining_time":1.893416498},
{"learn":[0.4655902395],"iteration":683,"passed_time":4.084734836,"remaining_time":1.887099719},
{"learn":[0.4655017346],"iteration":684,"passed_time":4.090232279,"remaining_time":1.880909734},
{"learn":[0.4654353921],"iteration":685,"passed_time":4.095385302,"remaining_time":1.874564118},
{"learn":[0.4653990737],"iteration":686,"passed_time":4.100098546,"remaining_time":1.868021608},
{"learn":[0.465342896],"iteration":687,"passed_time":4.104795496,"remaining_time":1.861477027},
{"learn":[0.4652793736],"iteration":688,"passed_time":4.109785956,"remaining_time":1.855070294},
{"learn":[0.4652067062],"iteration":689,"passed_time":4.114561868,"remaining_time":1.848571274},
{"learn":[0.4651591338],"iteration":690,"passed_time":4.119148562,"remaining_time":1.841992628},
{"learn":[0.4650749404],"iteration":691,"passed_time":4.123972076,"remaining_time":1.835525144},
{"learn":[0.465023696],"iteration":692,"passed_time":4.128790424,"remaining_time":1.829060116},
{"learn":[0.4649697515],"iteration":693,"passed_time":4.133466552,"remaining_time":1.822537125},
{"learn":[0.4649389222],"iteration":694,"passed_time":4.13808195,"remaining_time":1.815992798},
{"learn":[0.4648505224],"iteration":695,"passed_time":4.142863182,"remaining_time":1.809526448},
{"learn":[0.4648048813],"iteration":696,"passed_time":4.147425407,"remaining_time":1.802969725},
{"learn":[0.464741169],"iteration":697,"passed_time":4.152936568,"remaining_time":1.796829289},
{"learn":[0.4646636267],"iteration":698,"passed_time":4.158473672,"remaining_time":1.790701824},
{"learn":[0.4645562915],"iteration":699,"passed_time":4.163456396,"remaining_time":1.784338456},
{"learn":[0.4644803194],"iteration":700,"passed_time":4.168354407,"remaining_time":1.777942893},
{"learn":[0.4644461983],"iteration":701,"passed_time":4.172908786,"remaining_time":1.771405724},
{"learn":[0.4643834498],"iteration":702,"passed_time":4.177408743,"remaining_time":1.764851204},
{"learn":[0.4643257357],"iteration":703,"passed_time":4.182348294,"remaining_time":1.758487351},
{"learn":[0.4642595078],"iteration":704,"passed_time":4.187229371,"remaining_time":1.75210307},
{"learn":[0.4641937867],"iteration":705,"passed_time":4.191756704,"remaining_time":1.745575738},
{"learn":[0.4641524581],"iteration":706,"passed_time":4.196670077,"remaining_time":1.739214049},
{"learn":[0.4640792379],"iteration":707,"passed_time":4.201487744,"remaining_time":1.732816979},
{"learn":[0.4640006721],"iteration":708,"passed_time":4.206460749,"remaining_time":1.726488121},
{"learn":[0.4639109364],"iteration":709,"passed_time":4.211021921,"remaining_time":1.719994869},
{"learn":[0.4638287734],"iteration":710,"passed_time":4.216043385,"remaining_time":1.713694147},
{"learn":[0.4637847328],"iteration":711,"passed_time":4.221195391,"remaining_time":1.707449821},
{"learn":[0.4637309302],"iteration":712,"passed_time":4.225853201,"remaining_time":1.701009633},
{"learn":[0.4636688088],"iteration":713,"passed_time":4.232194651,"remaining_time":1.695248838},
{"learn":[0.4636235131],"iteration":714,"passed_time":4.237300297,"remaining_time":1.688993825},
{"learn":[0.4635671613],"iteration":715,"passed_time":4.242764356,"remaining_time":1.682884186},
{"learn":[0.463486388],"iteration":716,"passed_time":4.24838712,"remaining_time":1.676838989},
{"learn":[0.463438656],"iteration":717,"passed_time":4.254218216,"remaining_time":1.670876792},
{"learn":[0.4633830073],"iteration":718,"passed_time":4.259634738,"remaining_time":1.664752937},
{"learn":[0.4633421653],"iteration":719,"passed_time":4.264554785,"remaining_time":1.658437972},
{"learn":[0.4632762985],"iteration":720,"passed_time":4.269081356,"remaining_time":1.651974616},
{"learn":[0.4631951765],"iteration":721,"passed_time":4.273943093,"remaining_time":1.645645679},
{"learn":[0.4631411787],"iteration":722,"passed_time":4.278753957,"remaining_time":1.639301308},
{"learn":[0.463102697],"iteration":723,"passed_time":4.283400804,"remaining_time":1.632898649},
{"learn":[0.4630253883],"iteration":724,"passed_time":4.288495528,"remaining_time":1.626670717},
{"learn":[0.4629254643],"iteration":725,"passed_time":4.293305529,"remaining_time":1.62033845},
{"learn":[0.4628552579],"iteration":726,"passed_time":4.298070819,"remaining_time":1.613993581},
{"learn":[0.4627944045],"iteration":727,"passed_time":4.303036985,"remaining_time":1.607728104},
{"learn":[0.4627514638],"iteration":728,"passed_time":4.309381847,"remaining_time":1.601978711},
{"learn":[0.4626774618],"iteration":729,"passed_time":4.315074303,"remaining_time":1.595986386},
{"learn":[0.4626248375],"iteration":730,"passed_time":4.320432942,"remaining_time":1.58987204},
{"learn":[0.4625399651],"iteration":731,"passed_time":4.327700862,"remaining_time":1.584458786},
{"learn":[0.4624657922],"iteration":732,"passed_time":4.333597221,"remaining_time":1.578540871},
{"learn":[0.4623928458],"iteration":733,"passed_time":4.339028564,"remaining_time":1.572454493},
{"learn":[0.462305126],"iteration":734,"passed_time":4.344698695,"remaining_time":1.566455992},
{"learn":[0.4622324804],"iteration":735,"passed_time":4.35009444,"remaining_time":1.560359962},
{"learn":[0.4621908324],"iteration":736,"passed_time":4.355409475,"remaining_time":1.554237031},
{"learn":[0.4621374994],"iteration":737,"passed_time":4.360570564,"remaining_time":1.548061637},
{"learn":[0.4620686154],"iteration":738,"passed_time":4.366820842,"remaining_time":1.542273667},
{"learn":[0.4620338903],"iteration":739,"passed_time":4.371992017,"remaining_time":1.536105303},
{"learn":[0.4619766118],"iteration":740,"passed_time":4.377130982,"remaining_time":1.529928373},
{"learn":[0.4618491961],"iteration":741,"passed_time":4.382423801,"remaining_time":1.523807737},
{"learn":[0.4617189564],"iteration":742,"passed_time":4.388520981,"remaining_time":1.517967553},
{"learn":[0.4616115179],"iteration":743,"passed_time":4.394973879,"remaining_time":1.512249077},
{"learn":[0.4615412035],"iteration":744,"passed_time":4.40086903,"remaining_time":1.506337722},
{"learn":[0.461480343],"iteration":745,"passed_time":4.406343416,"remaining_time":1.500283147},
{"learn":[0.4614037658],"iteration":746,"passed_time":4.412497588,"remaining_time":1.494460361},
{"learn":[0.4613496792],"iteration":747,"passed_time":4.419651845,"remaining_time":1.488973616},
{"learn":[0.4612485329],"iteration":748,"passed_time":4.426596424,"remaining_time":1.483412153},
{"learn":[0.4612102473],"iteration":749,"passed_time":4.432859488,"remaining_time":1.477619829},
{"learn":[0.4611243491],"iteration":750,"passed_time":4.440714374,"remaining_time":1.472354033},
{"learn":[0.4610379922],"iteration":751,"passed_time":4.448083552,"remaining_time":1.466921171},
{"learn":[0.4608948358],"iteration":752,"passed_time":4.454624605,"remaining_time":1.461211524},
{"learn":[0.4608022248],"iteration":753,"passed_time":4.462410154,"remaining_time":1.4559057},
{"learn":[0.460713316],"iteration":754,"passed_time":4.469952946,"remaining_time":1.450514532},
{"learn":[0.4606161926],"iteration":755,"passed_time":4.477682802,"remaining_time":1.445178047},
{"learn":[0.4605631811],"iteration":756,"passed_time":4.485354919,"remaining_time":1.439816705},
{"learn":[0.460508598],"iteration":757,"passed_time":4.49528196,"remaining_time":1.435169175},
{"learn":[0.4604451581],"iteration":758,"passed_time":4.502808359,"remaining_time":1.429745474},
{"learn":[0.4603672572],"iteration":759,"passed_time":4.509809123,"remaining_time":1.424150249},
{"learn":[0.4603164423],"iteration":760,"passed_time":4.518330373,"remaining_time":1.419028856},
{"learn":[0.4602439895],"iteration":761,"passed_time":4.52715378,"remaining_time":1.413992913},
{"learn":[0.4601808411],"iteration":762,"passed_time":4.534289255,"remaining_time":1.408422744},
{"learn":[0.4601369392],"iteration":763,"passed_time":4.542778418,"remaining_time":1.403266632},
{"learn":[0.4600583142],"iteration":764,"passed_time":4.550443201,"remaining_time":1.397848565},
{"learn":[0.4600057067],"iteration":765,"passed_time":4.556800327,"remaining_time":1.392025165},
{"learn":[0.4599322523],"iteration":766,"passed_time":4.562357387,"remaining_time":1.385957329},
{"learn":[0.4598818058],"iteration":767,"passed_time":4.568245204,"remaining_time":1.379990739},
{"learn":[0.4598296731],"iteration":768,"passed_time":4.574802315,"remaining_time":1.374225403},
{"learn":[0.4597659005],"iteration":769,"passed_time":4.581719407,"remaining_time":1.368565537},
{"learn":[0.4596808406],"iteration":770,"passed_time":4.587954694,"remaining_time":1.362699903},
{"learn":[0.459615061],"iteration":771,"passed_time":4.593346912,"remaining_time":1.356584321},
{"learn":[0.4595657306],"iteration":772,"passed_time":4.598982142,"remaining_time":1.350541974},
{"learn":[0.4595334696],"iteration":773,"passed_time":4.604832287,"remaining_time":1.344563433},
{"learn":[0.4594927017],"iteration":774,"passed_time":4.610189888,"remaining_time":1.338442226},
{"learn":[0.4594498348],"iteration":775,"passed_time":4.617584603,"remaining_time":1.332911019},
{"learn":[0.459406221],"iteration":776,"passed_time":4.623085698,"remaining_time":1.326831545},
{"learn":[0.459350387],"iteration":777,"passed_time":4.630171406,"remaining_time":1.321205722},
{"learn":[0.4593237363],"iteration":778,"passed_time":4.636074879,"remaining_time":1.315240755},
{"learn":[0.459260252],"iteration":779,"passed_time":4.641957089,"remaining_time":1.309269948},
{"learn":[0.4591970205],"iteration":780,"passed_time":4.64910325,"remaining_time":1.303653792},
{"learn":[0.4591344317],"iteration":781,"passed_time":4.655722328,"remaining_time":1.297886787},
{"learn":[0.4590769527],"iteration":782,"passed_time":4.661965662,"remaining_time":1.292013472},
{"learn":[0.4589441074],"iteration":783,"passed_time":4.668707396,"remaining_time":1.286276527},
{"learn":[0.4589114603],"iteration":784,"passed_time":4.674798809,"remaining_time":1.280358909},
{"learn":[0.4588513339],"iteration":785,"passed_time":4.680543859,"remaining_time":1.274346547},
{"learn":[0.4587784647],"iteration":786,"passed_time":4.686035414,"remaining_time":1.268266256},
{"learn":[0.4587211561],"iteration":787,"passed_time":4.691904643,"remaining_time":1.262289066},
{"learn":[0.4586529882],"iteration":788,"passed_time":4.69727205,"remaining_time":1.25617795},
{"learn":[0.4586102443],"iteration":789,"passed_time":4.702998331,"remaining_time":1.250164113},
{"learn":[0.4585209778],"iteration":790,"passed_time":4.708616962,"remaining_time":1.24412256},
{"learn":[0.4584259842],"iteration":791,"passed_time":4.714535972,"remaining_time":1.238160962},
{"learn":[0.4583735307],"iteration":792,"passed_time":4.719866418,"remaining_time":1.232045837},
{"learn":[0.4583296382],"iteration":793,"passed_time":4.724810203,"remaining_time":1.22583237},
{"learn":[0.4582495117],"iteration":794,"passed_time":4.73034896,"remaining_time":1.219775518},
{"learn":[0.4581762126],"iteration":795,"passed_time":4.735108684,"remaining_time":1.213520316},
{"learn":[0.4581362829],"iteration":796,"passed_time":4.740044658,"remaining_time":1.207313759},
{"learn":[0.458081956],"iteration":797,"passed_time":4.745373606,"remaining_time":1.20120986},
{"learn":[0.4580219617],"iteration":798,"passed_time":4.750964295,"remaining_time":1.195173746},
{"learn":[0.4579841901],"iteration":799,"passed_time":4.755905995,"remaining_time":1.188976499},
{"learn":[0.457910126],"iteration":800,"passed_time":4.7609229,"remaining_time":1.18280107},
{"learn":[0.457856993],"iteration":801,"passed_time":4.765788039,"remaining_time":1.176591062},
{"learn":[0.4577980313],"iteration":802,"passed_time":4.770903541,"remaining_time":1.170445825},
{"learn":[0.457763818],"iteration":803,"passed_time":4.775593617,"remaining_time":1.164199439},
{"learn":[0.457719413],"iteration":804,"passed_time":4.780958709,"remaining_time":1.158120433},
{"learn":[0.4576631607],"iteration":805,"passed_time":4.785600596,"remaining_time":1.151869126},
{"learn":[0.4576068552],"iteration":806,"passed_time":4.790431846,"remaining_time":1.145667096},
{"learn":[0.4575412348],"iteration":807,"passed_time":4.795203804,"remaining_time":1.139454369},
{"learn":[0.4574831325],"iteration":808,"passed_time":4.80023573,"remaining_time":1.133306581},
{"learn":[0.457418076],"iteration":809,"passed_time":4.805737341,"remaining_time":1.127271722},
{"learn":[0.457349464],"iteration":810,"passed_time":4.811466974,"remaining_time":1.121291317},
{"learn":[0.4572672363],"iteration":811,"passed_time":4.816327278,"remaining_time":1.115110257},
{"learn":[0.4572282051],"iteration":812,"passed_time":4.821212418,"remaining_time":1.108938158},
{"learn":[0.457155323],"iteration":813,"passed_time":4.827576369,"remaining_time":1.103107131},
{"learn":[0.4571017179],"iteration":814,"passed_time":4.832913434,"remaining_time":1.0970417},
{"learn":[0.4570462404],"iteration":815,"passed_time":4.838239621,"remaining_time":1.090975601},
{"learn":[0.4569909165],"iteration":816,"passed_time":4.844658544,"remaining_time":1.085156075},
{"learn":[0.4569621476],"iteration":817,"passed_time":4.850151402,"remaining_time":1.079129041},
{"learn":[0.4569206919],"iteration":818,"passed_time":4.856566919,"remaining_time":1.073307219},
{"learn":[0.4568651914],"iteration":819,"passed_time":4.863271587,"remaining_time":1.067547421},
{"learn":[0.4568003495],"iteration":820,"passed_time":4.869162469,"remaining_time":1.061607895},
{"learn":[0.4567468807],"iteration":821,"passed_time":4.875472099,"remaining_time":1.055759165},
{"learn":[0.4566991956],"iteration":822,"passed_time":4.881869298,"remaining_time":1.049928148},
{"learn":[0.4566435663],"iteration":823,"passed_time":4.888205481,"remaining_time":1.044082724},
{"learn":[0.4565792721],"iteration":824,"passed_time":4.894118851,"remaining_time":1.038146423},
{"learn":[0.4565182431],"iteration":825,"passed_time":4.899719439,"remaining_time":1.032144289},
{"learn":[0.45646637],"iteration":826,"passed_time":4.904763154,"remaining_time":1.026026633},
{"learn":[0.4564126671],"iteration":827,"passed_time":4.909988039,"remaining_time":1.019949206},
{"learn":[0.4563570353],"iteration":828,"passed_time":4.915095013,"remaining_time":1.013849514},
{"learn":[0.4563030315],"iteration":829,"passed_time":4.92035025,"remaining_time":1.007782581},
{"learn":[0.4562461173],"iteration":830,"passed_time":4.925348878,"remaining_time":1.001665416},
{"learn":[0.456175307],"iteration":831,"passed_time":4.930665019,"remaining_time":0.995615052},
{"learn":[0.4560650173],"iteration":832,"passed_time":4.936618305,"remaining_time":0.989694186},
{"learn":[0.4560257105],"iteration":833,"passed_time":4.942320822,"remaining_time":0.9837233291},
{"learn":[0.4559536362],"iteration":834,"passed_time":4.948218198,"remaining_time":0.97779162},
{"learn":[0.4558511263],"iteration":835,"passed_time":4.954476002,"remaining_time":0.971930699},
{"learn":[0.455779316],"iteration":836,"passed_time":4.961963697,"remaining_time":0.9663083424},
{"learn":[0.4557484304],"iteration":837,"passed_time":4.96890294,"remaining_time":0.9605755086},
{"learn":[0.4557180065],"iteration":838,"passed_time":4.975397688,"remaining_time":0.9547545027},
{"learn":[0.4556913272],"iteration":839,"passed_time":4.982507405,"remaining_time":0.9490490294},
{"learn":[0.4556300465],"iteration":840,"passed_time":4.990289011,"remaining_time":0.9434672446},
{"learn":[0.4555874882],"iteration":841,"passed_time":4.99826508,"remaining_time":0.9379167252},
{"learn":[0.4555304174],"iteration":842,"passed_time":5.006721377,"remaining_time":0.9324498886},
{"learn":[0.455474025],"iteration":843,"passed_time":5.014385447,"remaining_time":0.9268295377},
{"learn":[0.455426191],"iteration":844,"passed_time":5.022613798,"remaining_time":0.9213078564},
{"learn":[0.4553978138],"iteration":845,"passed_time":5.029981472,"remaining_time":0.9156231048},
{"learn":[0.4553441292],"iteration":846,"passed_time":5.037770904,"remaining_time":0.9100105648},
{"learn":[0.4552690029],"iteration":847,"passed_time":5.04624155,"remaining_time":0.9045149949},
{"learn":[0.4552358708],"iteration":848,"passed_time":5.053006171,"remaining_time":0.8987089892},
{"learn":[0.4552052991],"iteration":849,"passed_time":5.059394301,"remaining_time":0.8928342884},
{"learn":[0.4551617251],"iteration":850,"passed_time":5.067528264,"remaining_time":0.8872640555},
{"learn":[0.45507486],"iteration":851,"passed_time":5.073929911,"remaining_time":0.881386886},
{"learn":[0.4550225752],"iteration":852,"passed_time":5.080065154,"remaining_time":0.8754625764},
{"learn":[0.4549168014],"iteration":853,"passed_time":5.086043491,"remaining_time":0.8695109481},
{"learn":[0.4548850321],"iteration":854,"passed_time":5.093212083,"remaining_time":0.8637611134},
{"learn":[0.4547794372],"iteration":855,"passed_time":5.10156338,"remaining_time":0.8582069237},
{"learn":[0.4547339543],"iteration":856,"passed_time":5.110363304,"remaining_time":0.8527210648},
{"learn":[0.454661758],"iteration":857,"passed_time":5.117893541,"remaining_time":0.847017346},
{"learn":[0.454604623],"iteration":858,"passed_time":5.125949178,"remaining_time":0.841395616},
{"learn":[0.4545713124],"iteration":859,"passed_time":5.133176746,"remaining_time":0.8356334238},
{"learn":[0.4545070034],"iteration":860,"passed_time":5.139536137,"remaining_time":0.8297276691},
{"learn":[0.4544483873],"iteration":861,"passed_time":5.146054279,"remaining_time":0.8238462766},
{"learn":[0.4544086162],"iteration":862,"passed_time":5.152400167,"remaining_time":0.8179360637},
{"learn":[0.4543520974],"iteration":863,"passed_time":5.158687151,"remaining_time":0.81201557},
{"learn":[0.4542972406],"iteration":864,"passed_time":5.164722424,"remaining_time":0.8060549448},
{"learn":[0.4542559577],"iteration":865,"passed_time":5.170376192,"remaining_time":0.8000351151},
{"learn":[0.4542269501],"iteration":866,"passed_time":5.175701968,"remaining_time":0.7939658152},
{"learn":[0.4541715207],"iteration":867,"passed_time":5.181138141,"remaining_time":0.7879150168},
{"learn":[0.4540901151],"iteration":868,"passed_time":5.186332523,"remaining_time":0.7818291836},
{"learn":[0.4540411752],"iteration":869,"passed_time":5.191095534,"remaining_time":0.7756809418},
{"learn":[0.4540205046],"iteration":870,"passed_time":5.196279685,"remaining_time":0.7695982542},
{"learn":[0.4539361209],"iteration":871,"passed_time":5.201538751,"remaining_time":0.7635286239},
{"learn":[0.4538892259],"iteration":872,"passed_time":5.206953855,"remaining_time":0.7574835505},
{"learn":[0.453828003],"iteration":873,"passed_time":5.212475743,"remaining_time":0.751455313},
{"learn":[0.4537684123],"iteration":874,"passed_time":5.218368494,"remaining_time":0.7454812135},
{"learn":[0.4537043892],"iteration":875,"passed_time":5.224169543,"remaining_time":0.7394943189},
{"learn":[0.453652519],"iteration":876,"passed_time":5.230256051,"remaining_time":0.7335478841},
{"learn":[0.4536123169],"iteration":877,"passed_time":5.235704449,"remaining_time":0.7275124632},
{"learn":[0.4535559304],"iteration":878,"passed_time":5.240961915,"remaining_time":0.7214520953},
{"learn":[0.4535025063],"iteration":879,"passed_time":5.245839826,"remaining_time":0.7153417944},
{"learn":[0.4534534661],"iteration":880,"passed_time":5.251813318,"remaining_time":0.7093822756},
{"learn":[0.4534073849],"iteration":881,"passed_time":5.257583523,"remaining_time":0.7033955281},
{"learn":[0.4533580751],"iteration":882,"passed_time":5.263286963,"remaining_time":0.6974004243},
{"learn":[0.4533101939],"iteration":883,"passed_time":5.269288377,"remaining_time":0.6914450812},
{"learn":[0.453273308],"iteration":884,"passed_time":5.274515286,"remaining_time":0.685388992},
{"learn":[0.4532208293],"iteration":885,"passed_time":5.279847932,"remaining_time":0.6793483795},
{"learn":[0.4531209722],"iteration":886,"passed_time":5.285591267,"remaining_time":0.6733616834},
{"learn":[0.4530889468],"iteration":887,"passed_time":5.290966154,"remaining_time":0.6673290645},
{"learn":[0.4530460594],"iteration":888,"passed_time":5.296220916,"remaining_time":0.6612829265},
{"learn":[0.4530118993],"iteration":889,"passed_time":5.300988551,"remaining_time":0.6551783602},
{"learn":[0.452952649],"iteration":890,"passed_time":5.305808202,"remaining_time":0.6490831582},
{"learn":[0.4528624254],"iteration":891,"passed_time":5.310613012,"remaining_time":0.6429890194},
{"learn":[0.4528237014],"iteration":892,"passed_time":5.315736485,"remaining_time":0.6369359506},
{"learn":[0.4527770692],"iteration":893,"passed_time":5.320872693,"remaining_time":0.6308864715},
{"learn":[0.4527631217],"iteration":894,"passed_time":5.326516471,"remaining_time":0.6248985804},
{"learn":[0.452727255],"iteration":895,"passed_time":5.332933961,"remaining_time":0.6190012633},
{"learn":[0.452684904],"iteration":896,"passed_time":5.33933632,"remaining_time":0.613101049},
{"learn":[0.4526371681],"iteration":897,"passed_time":5.345945673,"remaining_time":0.6072232279},
{"learn":[0.4525786414],"iteration":898,"passed_time":5.352744835,"remaining_time":0.6013651038},
{"learn":[0.452532011],"iteration":899,"passed_time":5.359363396,"remaining_time":0.5954848218},
{"learn":[0.452486643],"iteration":900,"passed_time":5.365586639,"remaining_time":0.5895594642},
{"learn":[0.4524140263],"iteration":901,"passed_time":5.37208259,"remaining_time":0.5836630752},
{"learn":[0.4523625664],"iteration":902,"passed_time":5.378502169,"remaining_time":0.5777571544},
{"learn":[0.4523215212],"iteration":903,"passed_time":5.384806894,"remaining_time":0.5718379002},
{"learn":[0.4522609819],"iteration":904,"passed_time":5.39125156,"remaining_time":0.5659324842},
{"learn":[0.4521706955],"iteration":905,"passed_time":5.397320076,"remaining_time":0.5599868512},
{"learn":[0.4521231759],"iteration":906,"passed_time":5.403419165,"remaining_time":0.554044082},
{"learn":[0.4520779535],"iteration":907,"passed_time":5.41068438,"remaining_time":0.5482191222},
{"learn":[0.4520128761],"iteration":908,"passed_time":5.417292284,"remaining_time":0.5423251902},
{"learn":[0.4519783628],"iteration":909,"passed_time":5.423658775,"remaining_time":0.5364058129},
{"learn":[0.4519425567],"iteration":910,"passed_time":5.430168735,"remaining_time":0.5304994702},
{"learn":[0.4518851632],"iteration":911,"passed_time":5.437185346,"remaining_time":0.5246406913},
{"learn":[0.4518836126],"iteration":912,"passed_time":5.441725079,"remaining_time":0.5185433537},
{"learn":[0.451850385],"iteration":913,"passed_time":5.447548845,"remaining_time":0.5125702414},
{"learn":[0.4518149343],"iteration":914,"passed_time":5.454056119,"remaining_time":0.5066609509},
{"learn":[0.4517455573],"iteration":915,"passed_time":5.461579572,"remaining_time":0.5008435415},
{"learn":[0.4516750749],"iteration":916,"passed_time":5.468345074,"remaining_time":0.4949538071},
{"learn":[0.451625201],"iteration":917,"passed_time":5.474126087,"remaining_time":0.4889742256},
{"learn":[0.4515634642],"iteration":918,"passed_time":5.479796544,"remaining_time":0.4829853319},
{"learn":[0.4515071678],"iteration":919,"passed_time":5.48634392,"remaining_time":0.4770733843},
{"learn":[0.4514410634],"iteration":920,"passed_time":5.494074677,"remaining_time":0.471261563},
{"learn":[0.4513198684],"iteration":921,"passed_time":5.500869319,"remaining_time":0.4653663849},
{"learn":[0.4512817499],"iteration":922,"passed_time":5.507166192,"remaining_time":0.4594277322},
{"learn":[0.4511953664],"iteration":923,"passed_time":5.513810682,"remaining_time":0.4535168959},
{"learn":[0.4511482487],"iteration":924,"passed_time":5.519910958,"remaining_time":0.447560348},
{"learn":[0.4510955049],"iteration":925,"passed_time":5.526517756,"remaining_time":0.4416439675},
{"learn":[0.451035941],"iteration":926,"passed_time":5.533240641,"remaining_time":0.4357352393},
{"learn":[0.4509796154],"iteration":927,"passed_time":5.541048075,"remaining_time":0.4299089024},
{"learn":[0.450929521],"iteration":928,"passed_time":5.547808362,"remaining_time":0.4239982709},
{"learn":[0.4508786027],"iteration":929,"passed_time":5.554917557,"remaining_time":0.4181120742},
{"learn":[0.450837864],"iteration":930,"passed_time":5.561765428,"remaining_time":0.4122038824},
{"learn":[0.4507706461],"iteration":931,"passed_time":5.56922978,"remaining_time":0.4063386535},
{"learn":[0.4507163547],"iteration":932,"passed_time":5.576665238,"remaining_time":0.4004679217},
{"learn":[0.4506487867],"iteration":933,"passed_time":5.583183164,"remaining_time":0.394529003},
{"learn":[0.4505791004],"iteration":934,"passed_time":5.590217256,"remaining_time":0.388624729},
{"learn":[0.4505337482],"iteration":935,"passed_time":5.597058783,"remaining_time":0.3827048741},
{"learn":[0.450493415],"iteration":936,"passed_time":5.604708986,"remaining_time":0.3768374238},
{"learn":[0.4504135575],"iteration":937,"passed_time":5.612253337,"remaining_time":0.3709591758},
{"learn":[0.4503799517],"iteration":938,"passed_time":5.618809195,"remaining_time":0.3650131639},
{"learn":[0.4503248194],"iteration":939,"passed_time":5.626573371,"remaining_time":0.3591429811},
{"learn":[0.4502551072],"iteration":940,"passed_time":5.633040914,"remaining_time":0.3531874749},
{"learn":[0.4501829583],"iteration":941,"passed_time":5.63941722,"remaining_time":0.3472252641},
{"learn":[0.4501414676],"iteration":942,"passed_time":5.64589321,"remaining_time":0.3412682004},
{"learn":[0.4500817261],"iteration":943,"passed_time":5.652040622,"remaining_time":0.3352905454},
{"learn":[0.4499958165],"iteration":944,"passed_time":5.659485429,"remaining_time":0.3293880409},
{"learn":[0.4499242749],"iteration":945,"passed_time":5.666194481,"remaining_time":0.3234402769},
{"learn":[0.449864879],"iteration":946,"passed_time":5.671995129,"remaining_time":0.3174400653},
{"learn":[0.4498164788],"iteration":947,"passed_time":5.677383038,"remaining_time":0.311417635},
{"learn":[0.4497470816],"iteration":948,"passed_time":5.683638426,"remaining_time":0.305443161},
{"learn":[0.4496942772],"iteration":949,"passed_time":5.691063133,"remaining_time":0.2995296386},
{"learn":[0.4496529237],"iteration":950,"passed_time":5.696821234,"remaining_time":0.2935270667},
{"learn":[0.4496094302],"iteration":951,"passed_time":5.703312084,"remaining_time":0.2875619538},
{"learn":[0.4495519154],"iteration":952,"passed_time":5.709978123,"remaining_time":0.2816043775},
{"learn":[0.4495052468],"iteration":953,"passed_time":5.716942888,"remaining_time":0.27565972},
{"learn":[0.4494359272],"iteration":954,"passed_time":5.724191328,"remaining_time":0.269726293},
{"learn":[0.4494111223],"iteration":955,"passed_time":5.731100835,"remaining_time":0.2637745154},
{"learn":[0.4493797504],"iteration":956,"passed_time":5.736948294,"remaining_time":0.2577730164},
{"learn":[0.4493177299],"iteration":957,"passed_time":5.74346109,"remaining_time":0.2518010081},
{"learn":[0.4492809357],"iteration":958,"passed_time":5.749766901,"remaining_time":0.2458190229},
{"learn":[0.4492290274],"iteration":959,"passed_time":5.755329207,"remaining_time":0.2398053836},
{"learn":[0.4492000609],"iteration":960,"passed_time":5.760871947,"remaining_time":0.2337918896},
{"learn":[0.4491352812],"iteration":961,"passed_time":5.765912165,"remaining_time":0.2277595242},
{"learn":[0.449100832],"iteration":962,"passed_time":5.770746526,"remaining_time":0.2217213099},
{"learn":[0.4490207457],"iteration":963,"passed_time":5.776018702,"remaining_time":0.2157019432},
{"learn":[0.4489571291],"iteration":964,"passed_time":5.780730082,"remaining_time":0.2096637854},
{"learn":[0.4489223446],"iteration":965,"passed_time":5.785841731,"remaining_time":0.2036424626},
{"learn":[0.4488666847],"iteration":966,"passed_time":5.80831445,"remaining_time":0.198215488},
{"learn":[0.4488219773],"iteration":967,"passed_time":5.81351966,"remaining_time":0.1921824681},
{"learn":[0.4487870896],"iteration":968,"passed_time":5.818458896,"remaining_time":0.1861426479},
{"learn":[0.4487287566],"iteration":969,"passed_time":5.823629896,"remaining_time":0.1801122648},
{"learn":[0.4486873369],"iteration":970,"passed_time":5.828651129,"remaining_time":0.1740791789},
{"learn":[0.4486456503],"iteration":971,"passed_time":5.833404044,"remaining_time":0.1680404457},
{"learn":[0.4486071495],"iteration":972,"passed_time":5.838857632,"remaining_time":0.1620237986},
{"learn":[0.4485496991],"iteration":973,"passed_time":5.84392525,"remaining_time":0.1559980046},
{"learn":[0.4484685545],"iteration":974,"passed_time":5.849411209,"remaining_time":0.1499849028},
{"learn":[0.4484092002],"iteration":975,"passed_time":5.854478162,"remaining_time":0.1439625777},
{"learn":[0.4483616263],"iteration":976,"passed_time":5.85958709,"remaining_time":0.1379431966},
{"learn":[0.4483084137],"iteration":977,"passed_time":5.865049861,"remaining_time":0.131933637},
{"learn":[0.4481690084],"iteration":978,"passed_time":5.871206508,"remaining_time":0.1259400783},
{"learn":[0.4481242101],"iteration":979,"passed_time":5.87712127,"remaining_time":0.1199412504},
{"learn":[0.4480823119],"iteration":980,"passed_time":5.882616553,"remaining_time":0.1139344694},
{"learn":[0.4480451138],"iteration":981,"passed_time":5.888568235,"remaining_time":0.107937096},
{"learn":[0.4480049661],"iteration":982,"passed_time":5.893781266,"remaining_time":0.1019270412},
{"learn":[0.4479585911],"iteration":983,"passed_time":5.898677594,"remaining_time":0.09591345682},
{"learn":[0.4479064287],"iteration":984,"passed_time":5.903815877,"remaining_time":0.08990582554},
{"learn":[0.4478718914],"iteration":985,"passed_time":5.90886864,"remaining_time":0.08389874337},
{"learn":[0.4477935321],"iteration":986,"passed_time":5.913639361,"remaining_time":0.07788988014},
{"learn":[0.447739766],"iteration":987,"passed_time":5.918613834,"remaining_time":0.07188599798},
{"learn":[0.4476733704],"iteration":988,"passed_time":5.923925076,"remaining_time":0.06588794321},
{"learn":[0.4476163238],"iteration":989,"passed_time":5.928592616,"remaining_time":0.0598847739},
{"learn":[0.4475557278],"iteration":990,"passed_time":5.933446958,"remaining_time":0.05388599659},
{"learn":[0.4474982232],"iteration":991,"passed_time":5.938748595,"remaining_time":0.04789313383},
{"learn":[0.4474480135],"iteration":992,"passed_time":5.944091211,"remaining_time":0.04190195214},
{"learn":[0.4473957558],"iteration":993,"passed_time":5.949372005,"remaining_time":0.03591170225},
{"learn":[0.4473546985],"iteration":994,"passed_time":5.954493033,"remaining_time":0.02992207554},
{"learn":[0.4472959003],"iteration":995,"passed_time":5.95991674,"remaining_time":0.02393540859},
{"learn":[0.4472336724],"iteration":996,"passed_time":5.965016324,"remaining_time":0.01794889566},
{"learn":[0.4471847168],"iteration":997,"passed_time":5.970559896,"remaining_time":0.01196504989},
{"learn":[0.4471197836],"iteration":998,"passed_time":5.975978107,"remaining_time":0.005981960067},
{"learn":[0.4470604641],"iteration":999,"passed_time":5.982457203,"remaining_time":0}
]}